id,created,expo,side
b79415c9762b4a9eb4aeebb0ec68698b,01.07.2019 18:21,BMBF,left
f0969eb2f5c04a988f5ac863ad435402,01.07.2019 19:30,BMBF,left
062fef13760e46fda940d62d428b3020,01.08.2019 13:12,BMBF,left
e3c073c3c5fc4277945bd2d6b77e97df,01.08.2019 13:23,BMBF,left
3b21e13f1eee40dc815ef2ef2263cce0,01.08.2019 13:31,BMBF,left
07984db2c6f8419ca413f0b13948240c,01.08.2019 14:10,BMBF,left
1e0961aa2645473c9e49f420bae2e06d,01.08.2019 16:08,BMBF,left
01291315ef4943b68c960bf4d0eeab92,01.08.2019 16:19,BMBF,left
5da4eefe8db441178301a43283861f50,01.10.2019 11:49,BMBF,left
f2e02b895d4e4372b84159ccd438f424,01.10.2019 11:52,BMBF,left
cb38a4cef160463ea69e477ccae3ead7,01.10.2019 12:23,BMBF,left
d9d1e050275840129b68a675e11bc389,01.10.2019 12:30,BMBF,left
4b3366f0f1af44bd81448e5457a551a3,01.10.2019 12:36,BMBF,left
c1a8c08406d64a91b333e928bbb054ec,01.10.2019 12:39,BMBF,left
ef0489367e504123a04dcb7708fe45ed,01.10.2019 12:41,BMBF,left
edbbe5f7ac8c428fa73a21ebda3c9c8b,01.10.2019 12:45,BMBF,left
1022d4295de4488fa2ee92fd8fa0eac1,01.10.2019 13:12,BMBF,left
a321b41c5bc647d89d63d91eb7adac3a,01.10.2019 13:22,BMBF,left
12ddd21c2bc2428fb518d6c98e059ec4,01.10.2019 13:26,BMBF,left
5a7300903d9b40e189fa4845fbefa22f,01.10.2019 13:37,BMBF,left
de18a482f3f74502bcac8b57612baab0,01.10.2019 13:40,BMBF,left
3841da87e4974c7c807577893ad3d8d7,01.10.2019 13:44,BMBF,left
0cdf1c61f610445489985dca376acf57,01.10.2019 13:48,BMBF,left
a0b9eedcdbe9484dbdcdda6e2c7bac85,01.10.2019 14:31,BMBF,left
9af1ffdde08e4d5497d81eddf3629e50,01.10.2019 14:43,BMBF,left
34ff9e1bec4a47e6a191601b01c59481,01.10.2019 15:11,BMBF,left
3d2f62ab04f0477b9b19495f56830c79,01.10.2019 15:49,BMBF,left
70784a52864c475992089c2002b1950e,01.10.2019 16:14,BMBF,left
cc850fcbba734739b375f7179a4f487e,01.11.2019 11:58,BMBF,left
235706b9abd2424bb797e4ea93cf8a9e,01.11.2019 13:53,BMBF,left
6b81d4063dcd4244ad7ecb492a074d93,02.07.2019 11:44,BMBF,left
5e6741244c444766897f4d82ea5ebfa7,02.07.2019 11:54,BMBF,left
3f101e0f0faf45908bdc1f429abecee8,02.07.2019 12:02,BMBF,left
fa0885937e114e9a907a5a4feda5798b,02.07.2019 12:07,BMBF,left
132256b042674a5f8ed249578fc624b4,02.07.2019 12:44,BMBF,left
579582014ec6465494f8051cd6c20d58,02.07.2019 14:25,BMBF,left
babb5258be6e46ffacdefbdc93b586c9,02.08.2019 08:59,BMBF,left
7d7dcdbbe5f84a6ead93310a4d42757a,02.08.2019 12:13,BMBF,left
247119b6e5714dcd8e6750d4fe4e7b6d,02.08.2019 14:59,BMBF,left
455c8587c7484cd6ae32eb6a7a3e6228,02.09.2019 09:49,BMBF,left
66078cbad2db446ba18f820eadf8abcf,02.09.2019 09:54,BMBF,left
142f0966087849efb9dc9e0bb7cd411c,02.09.2019 09:56,BMBF,left
06f5620732564a2aad8fcf2d01d8f235,02.09.2019 11:35,BMBF,left
1b58458fd4b144f5b044acbc4e770dc7,02.09.2019 12:14,BMBF,left
bf0e0af7024745f0a9ccde265565146e,02.09.2019 14:11,BMBF,left
a74fb175c4d4480abadf50f34f439f5b,02.09.2019 15:30,BMBF,left
bdee7c59320145299d9d55db7fc99f65,02.10.2019 14:50,BMBF,left
bb82dd0046c344219b4279448e6027ad,02.10.2019 14:57,BMBF,left
b1ef4c7228d74fbeaa88391f99a64425,02.10.2019 15:39,BMBF,left
8747e01337e743988ee64fcded5ff63f,02.10.2019 15:44,BMBF,left
813cb6f1b1a24ccab4daf8440fe1c796,02.10.2019 15:55,BMBF,left
865617c5ce0445a3bee5786632231095,02.10.2019 18:35,BMBF,left
95e68b8f3fbc40dda1358f5eae27030a,02.11.2019 12:02,BMBF,left
e9fd9032c136461ba4d8162a79ab848c,02.11.2019 12:17,BMBF,left
de0758669024446cb14e1b47e8bcea82,02.11.2019 12:19,BMBF,left
477abd715e7940a9aad4eea7de7c8853,02.11.2019 12:21,BMBF,left
75c05212373a44f895777b31c5dbfc05,02.11.2019 12:24,BMBF,left
75899482710b4ee8bd722b71ab7b781e,02.11.2019 12:30,BMBF,left
0de8ad8592874ded9d657814fb8524e7,02.11.2019 12:53,BMBF,left
ff3adaa156254614a301118396a5571f,02.11.2019 13:10,BMBF,left
6746c08fd33745eebc2a18c714f475b3,02.11.2019 13:14,BMBF,left
e6e34914305c4a75a17ff5bb24cf5b56,02.11.2019 14:12,BMBF,left
c1d92d51c7e34dfeb1a7e8073f3b620b,02.11.2019 14:53,BMBF,left
3ddaf6ef01884fbdbf6162d58eeb8b6a,02.12.2019 12:57,BMBF,left
3b6fda285d9e412eb081986b2f22a2e3,03.01.2020 16:13,BMBF,left
18ffb0abdc8642098c479380bfa533d1,03.01.2020 16:15,BMBF,left
d58f5ed5444f44ca8aec9f3891f049d9,03.07.2019 12:35,BMBF,left
421b48c78fef4252906f3c244238b028,03.07.2019 12:43,BMBF,left
df8474d3b3854fd6adb351368aa0b6b4,03.09.2019 09:48,BMBF,left
30c4a456989a4e519e1a2a1ee4462da9,03.09.2019 09:51,BMBF,left
53b2477e533e4240b41ebcb1843217ef,03.09.2019 11:34,BMBF,left
312c662438ef494b954aacdb4f6d0ee4,03.09.2019 11:36,BMBF,left
f0ed5b3b466149428557112c4d664c5f,03.09.2019 11:39,BMBF,left
8ea094e685254891bd3dd464c592fb77,03.09.2019 11:43,BMBF,left
d4579ab7bb92407ea15b57fcdf3888ed,03.09.2019 11:49,BMBF,left
1071b75c95d74896af8f7b7ef66c900b,03.09.2019 12:00,BMBF,left
9b1454779e764655a0ed590c175e7bef,03.09.2019 12:48,BMBF,left
a02f99c5dd714a3a9a66f78a794df977,03.09.2019 13:38,BMBF,left
e4321437ef09452988310ba78e101fc5,03.09.2019 13:41,BMBF,left
98c8de39817c426ba80af7120a9a57e1,03.09.2019 13:44,BMBF,left
adf839a1437a4d73b25557ca31a22f1a,03.09.2019 14:11,BMBF,left
8cedded7b067497ebcc38c5be674bb74,03.09.2019 14:17,BMBF,left
b46a1b2f4327405aaa9f9cd5a88e4252,03.09.2019 14:27,BMBF,left
99bc1e1e3c6b433688a8f7dd6a1e4264,03.11.2019 13:30,BMBF,left
6f11350ec8c24eeba3706a6884588cde,03.11.2019 13:33,BMBF,left
1eb676386f3c4d3abe1e08b09e53cb7b,03.11.2019 14:01,BMBF,left
0b99751529bc42688908239a15a55b67,03.11.2019 14:44,BMBF,left
90c93b714f1d40ddb68fb450b39c467b,03.11.2019 14:50,BMBF,left
53ecf491067d42a7ac0624ef917012cd,03.11.2019 15:03,BMBF,left
269fab5a446e45b8b2f98b5871a30332,03.11.2019 15:11,BMBF,left
09df80e57d3b475e82f13b00f11134bf,03.11.2019 15:23,BMBF,left
fc212ce8416d476fb367aee5a9c10aef,03.11.2019 15:28,BMBF,left
2858beeeee59479785ffc5057e509a24,03.11.2019 15:34,BMBF,left
4510200e4f384e0e8167deceb934f99c,03.12.2019 09:20,BMBF,left
14f6f853136d483f90fc89195b9aa2f6,03.12.2019 09:23,BMBF,left
178e5f42bff14fb0b740a1eab4fd9209,03.12.2019 09:27,BMBF,left
b6ebc30e4a9d4d1db18689b01a8bf88e,03.12.2019 10:40,BMBF,left
3a07738dc8484e978258c1710b3e6fa3,03.12.2019 10:49,BMBF,left
b3891f96847a44dd9d6272c91d0071f4,03.12.2019 10:56,BMBF,left
35ddf191030f4ac38dce559e9ed0bc05,03.12.2019 11:02,BMBF,left
60058cf21bd943c2b26c2a5a55bc8eab,03.12.2019 11:11,BMBF,left
2e278ff42d8c47daa805a75c08e0582f,03.12.2019 11:46,BMBF,left
6c4ace4f82c6409ab6838edc5346d0b5,03.12.2019 13:18,BMBF,left
0ef4ec423e5b4df7bfe251689316d6fb,03.12.2019 13:59,BMBF,left
36e2d86835794ef3ab6a7d295c7476f9,03.12.2019 17:36,BMBF,left
c7bacd545737454fa53bfa03bd25d321,04.09.2019 08:42,BMBF,left
539a4134fde84062bef48e23b9bdaf5b,04.09.2019 11:44,BMBF,left
b29e9a3ff4d8493e92282051608e7f4a,04.09.2019 11:52,BMBF,left
9c71f5003ca344f886ec5db3fcc7d881,04.09.2019 12:19,BMBF,left
85a698f756c2401ba3592f661ae09a92,04.09.2019 14:09,BMBF,left
3ad808b66c7f4ccab8ff5f809f87c289,04.09.2019 14:55,BMBF,left
63f7ae2944be46279f77c961b0f702a0,04.10.2019 12:18,BMBF,left
2886ccae9bfd4c67b2d9c601087378c7,04.10.2019 13:28,BMBF,left
4ffdae00ecc64bc8aaf08814f382fcab,04.10.2019 13:33,BMBF,left
1232da9c4ba84184b09e67fa712ed3f5,04.10.2019 13:37,BMBF,left
1e5c6040c97c46cba15a666d64843378,04.10.2019 14:30,BMBF,left
80c34641c4be40a789fbc3e475015cf6,04.10.2019 14:36,BMBF,left
b701a42dc8274db284a29511de80a94d,04.10.2019 14:40,BMBF,left
0797c45f04074097bf53c198a1263cdd,04.11.2019 09:24,BMBF,left
e8c48907de4b40db9ce5490d91061837,04.11.2019 13:46,BMBF,left
ea717417400f490c97e43bb92ecfe676,04.11.2019 13:48,BMBF,left
d70660a0b97247d5b28ede0428ff8514,04.11.2019 14:09,BMBF,left
2d93b6ccd7b344e482f4bb0ed078999c,04.11.2019 14:12,BMBF,left
1e6d4b2f6fc947d0b73089b6e9306b29,04.11.2019 14:15,BMBF,left
3304b9141a6d4c29a967e57564fb8e8e,04.11.2019 14:19,BMBF,left
b857fa871f814b7db34b120621204ac1,04.11.2019 14:25,BMBF,left
4382789e44bc4e8e8b0c41f0993f7317,04.11.2019 14:29,BMBF,left
e47b17e463c84374b7fdd85b66a74384,04.11.2019 14:32,BMBF,left
5bc4595354cd4691910381dc36f2d36c,04.12.2019 13:54,BMBF,left
a6804744edb44f20a177868258092571,04.12.2019 13:58,BMBF,left
e0c4afc1b3a048cd8a4914e5da6b1b5a,04.12.2019 15:23,BMBF,left
6aa01eec62fe475c8b19b3ae1ccbcfd5,04.12.2019 15:26,BMBF,left
9c5f1078800c4810b5106c3d31bdc011,04.12.2019 15:29,BMBF,left
ea5239f32197407f86d94af2db6b9267,05.07.2019 17:29,BMBF,left
ad23fa77a8b14dfda587404cc67610a2,05.07.2019 18:27,BMBF,left
fdec43a7ba404f4fa36e6718bae7964b,05.07.2019 18:47,BMBF,left
446ee399c32341d0a6e923b36b1ef3a7,05.07.2019 22:09,BMBF,left
cacae204e83d46cf8f92c4560d300c4d,05.09.2019 12:04,BMBF,left
13b17a2c1456409f8b8fe4fc9563ac0a,05.09.2019 13:28,BMBF,left
94fbf937a598428d9d05a0dfbf0ba098,05.09.2019 14:15,BMBF,left
81b7752d6d104a0e8a59669c83eb0b57,05.09.2019 14:19,BMBF,left
42d27da17f6b4a509a89e9e68d5d67de,05.09.2019 14:24,BMBF,left
f0980d2a6ae848fe85951cbae2b24287,05.09.2019 14:28,BMBF,left
40c4e6699b71400c8c50ded53187a977,05.09.2019 14:56,BMBF,left
5dc03a46e0fe48749ccbe64be73c5971,05.09.2019 14:59,BMBF,left
bfbf1b340a254f2ea3d062e281fda330,05.09.2019 15:10,BMBF,left
856228d310404aa2854beb02c17db311,05.09.2019 16:44,BMBF,left
ea325a2006364247b4e93b2b3b7e1aad,05.12.2019 09:31,BMBF,left
a89999388f0148c1bd7ca01db39fca9a,05.12.2019 10:28,BMBF,left
f3c2906882124a9db1aebaf55db52deb,05.12.2019 12:29,BMBF,left
038b2282e55a47c783e52c6bd42582ef,05.12.2019 14:59,BMBF,left
b1a76e883e574a708a8762f41f07bef5,05.12.2019 17:36,BMBF,left
fb5450eb0ab94fab98a532970edde765,06.07.2019 10:19,BMBF,left
8c41c93cb3f14e528dfe3b20d703bd9e,06.07.2019 16:19,BMBF,left
b57a0a1c3347428d8fa075cc73a375a5,06.07.2019 16:43,BMBF,left
714d9588d2fe4902852370483885eaa2,06.07.2019 16:59,BMBF,left
5ebc729ce03b48b592e8a1852650da87,06.09.2019 09:13,BMBF,left
98bd1406caf340bfa1443d57e17ba974,06.09.2019 09:18,BMBF,left
b8925ca79e8f4c2a95989b569363de26,06.09.2019 09:35,BMBF,left
df159cb878fb426394f8a1fca83e3d48,06.09.2019 09:38,BMBF,left
fcdf6ee14dda4f62bb3f7ee4a2ddeed2,06.09.2019 09:41,BMBF,left
85c542e13ae8490a8717a953e4f5847b,06.09.2019 10:01,BMBF,left
c8ad042c15084431bbb7fd9120883518,06.09.2019 10:16,BMBF,left
83dfb9e255874fcb94ae4905e8a52b99,06.09.2019 10:20,BMBF,left
8448e136fe824995adf35055e3884411,06.09.2019 10:24,BMBF,left
24f7791115e9409d906c3f2780aba711,06.09.2019 10:29,BMBF,left
23e0d9c5825c4ac1a208ce8b8aec9333,06.09.2019 10:51,BMBF,left
57f44a559fe04e23b2bc6c1507f9acd5,06.09.2019 10:54,BMBF,left
0929ccff82ce4c6ab27a98662128082c,06.09.2019 11:00,BMBF,left
0336ecfddcce46c08ae3ba98e1ee1b89,06.09.2019 11:14,BMBF,left
ef6969a343eb4bbea344336e2b0a511e,06.09.2019 11:50,BMBF,left
fca949e4bc494778a9485ddb576a5918,06.09.2019 12:19,BMBF,left
2a996dc5cba348339af13404123a4c5c,06.09.2019 12:52,BMBF,left
9c28f04983b843a19c302f0586d53291,06.09.2019 12:58,BMBF,left
52ba0912fbd349c39a0066ba590103c5,06.09.2019 13:01,BMBF,left
f581a43d161d44a5b7688ec1c45e1988,06.09.2019 13:11,BMBF,left
04a271023f814ee9b27bb1338186344c,06.09.2019 13:23,BMBF,left
f52fa5f1fcd048948d2bdaabc8a4685c,06.09.2019 16:40,BMBF,left
3a519d6278f34f9da8508984d36fa5fa,06.11.2019 09:24,BMBF,left
aafad1473dd448278f15e23a6e976aef,06.11.2019 11:40,BMBF,left
aa455b178d8541b8946c101fe33f1b60,06.11.2019 12:45,BMBF,left
976a5158867f4ece8edc9af52fe1cdeb,06.11.2019 13:59,BMBF,left
4704c8109ee941aca83b2f4811e7531b,06.12.2019 16:07,BMBF,left
11a6c8ab55c64f62851f1de866ee2ea6,07.10.2019 10:54,BMBF,left
8c90538de4684b4ba9652bfac58ddb90,07.10.2019 13:32,BMBF,left
4cc9c33ef3754d20ae1f06985fbdda33,07.10.2019 13:39,BMBF,left
90f54cfc457542f19516607c88331d4d,07.10.2019 15:22,BMBF,left
fbfcde302b66441eab55b7431eee5dcf,07.10.2019 15:30,BMBF,left
9e3796795b984e40b85456a8b16381ab,07.10.2019 15:32,BMBF,left
487aeebca84347959d3a9596b9db494d,07.10.2019 15:37,BMBF,left
98098052e2044c9ba57dd5805ba627fa,07.10.2019 17:36,BMBF,left
6d35ff6a06104b9c96f48d1b5f171741,07.10.2019 17:40,BMBF,left
33892e0e9ac84a36a968829b8e46a659,07.10.2019 17:44,BMBF,left
23b65cf8414b490fbddd8579c0787f08,08.07.2019 09:18,BMBF,left
75a9354911a948d6833084ef4a9a14d8,08.07.2019 09:22,BMBF,left
ecb19fc2b1f241a2af22b9b2ae7d4ed4,08.07.2019 13:02,BMBF,left
c5b2079562ea42ff8ad5b70d50ae20a1,08.07.2019 13:05,BMBF,left
1c2d52d73c6e46f183f577279f2996c9,08.07.2019 13:09,BMBF,left
e4825281d48d4bbab4222768909f1ec2,08.07.2019 13:13,BMBF,left
566e124ab03446ffa8fe39fb78c7e901,08.07.2019 14:07,BMBF,left
e9ef69a6743d487d990663bcd6768262,08.08.2019 09:27,BMBF,left
a1c3e389928b470ea5d0b890c994ebd2,08.08.2019 09:39,BMBF,left
ef7b89159e5947f0be2102725b2cf59c,08.08.2019 09:59,BMBF,left
7b85208639764516b982883dfb104609,08.08.2019 10:56,BMBF,left
aa9c243ed07844e4b8a89cc54a8b6764,08.08.2019 11:01,BMBF,left
4d351fbd64c44841b2258cfc52845ab1,08.08.2019 11:54,BMBF,left
8b5969e0353c4a0db7d668f2a18597cf,08.08.2019 13:41,BMBF,left
9677d116ac4849658e63445ae9c610b4,08.08.2019 17:09,BMBF,left
7b15db13a3d34353b32effc218cbaf38,08.09.2019 12:40,BMBF,left
06c7a894fdc64098b2226b29ced1ee2c,08.09.2019 14:03,BMBF,left
f1603b239e7147509d7887e398515076,08.09.2019 14:05,BMBF,left
c59e7ace36394aa5a5316cabc9edc2f0,08.09.2019 14:09,BMBF,left
b4c3303b4f664ba68f1e4bbedd1fa5cf,08.09.2019 16:40,BMBF,left
5f446791968547a49d80b57ebb74e8d9,08.09.2019 16:43,BMBF,left
5c276398b72540dc81ebadfa97604b1b,08.10.2019 11:45,BMBF,left
23251b1bcceb45ec94f536436c9398bf,08.10.2019 12:17,BMBF,left
1ac395406ca04084ad02369f7b911ed8,08.10.2019 12:19,BMBF,left
cf198e75d9a646899db3162c4fd5b333,08.10.2019 12:22,BMBF,left
2f376b8667c14929ae6310ea36bda690,08.10.2019 12:25,BMBF,left
d75bdd0d15224d2abef54726d3ac6204,08.10.2019 12:27,BMBF,left
ce2902d878eb4ab49135fce95f7edba8,08.10.2019 12:30,BMBF,left
eecc374cd36d43e492708c5ee187874b,08.10.2019 12:33,BMBF,left
8bc7cfd788754d6183df15c5cbc9bd13,08.10.2019 13:11,BMBF,left
fb7e361f367f4e719357b05f262b41be,08.10.2019 14:39,BMBF,left
2472587d50a2406b97fbff3d77154d9f,08.10.2019 14:42,BMBF,left
d5ae8f54164648e3981d3131ba7c45e2,08.10.2019 14:46,BMBF,left
c393ce4a682c4f2db9bdce8b53422770,08.10.2019 15:03,BMBF,left
d468816f797842eda3673ea6f577c807,08.10.2019 16:20,BMBF,left
ebe2858c035049229d01c1f548cb756f,08.10.2019 16:22,BMBF,left
603fcc4b6e1a4668b13c274d79052f11,08.10.2019 16:27,BMBF,left
9e3658a8abfd49eea0f9591acf0f5c06,08.10.2019 16:32,BMBF,left
18ec5b2b0d514d87a8c8d0816b2c67b7,08.10.2019 16:42,BMBF,left
499eea2ffb45402fb0df04011673139a,08.10.2019 17:19,BMBF,left
cb1227dd76db466bb4ba0753e88e7156,08.11.2019 09:43,BMBF,left
e4ad270504354954923a6df5e050fa4c,08.11.2019 09:51,BMBF,left
9164ae649b7c4f49998162ebbf80660b,08.11.2019 09:53,BMBF,left
e635933ed1f74dd984febd67a65dcd5c,08.11.2019 11:39,BMBF,left
dffaf913dfe94124a3667376ff2955e5,08.11.2019 11:42,BMBF,left
e50a737c2c554bf3b8dca9e77a081a69,08.11.2019 13:25,BMBF,left
983a71736fd4466b86e0c6d0163129fe,08.11.2019 13:27,BMBF,left
f2fc5795fdd7487aa97f0b800dd82fb8,08.11.2019 16:30,BMBF,left
7173af3239fe468fa264c16e4edb3916,09.01.2020 12:49,BMBF,left
512d02013fe647c8a0bb3e9290c0a36d,09.07.2019 10:54,BMBF,left
da02776c15d04e2393b1144d8796e734,09.07.2019 10:58,BMBF,left
4e46172ac304489490d5bad9c45f3224,09.07.2019 11:01,BMBF,left
9a9ebb54558148c098b77685267d4b31,09.07.2019 11:04,BMBF,left
c80e7c76d94c4410ab3ffb83a08e5596,09.07.2019 11:47,BMBF,left
81cf51fb8dad4f16803e00a6e4173c48,09.07.2019 11:52,BMBF,left
b7c574f801674f3aa3818b83ff1aa492,09.07.2019 11:57,BMBF,left
0cb688c217c04fc7b6d8f4402de450e2,09.07.2019 12:27,BMBF,left
15c51fd43e8c439fa9c3ba7ab7c827a7,09.07.2019 12:33,BMBF,left
8f6f5d32d40e437c99affa909fcaf2a3,09.07.2019 12:36,BMBF,left
d8a7c2bdc91946bdb57af3f367c72424,09.07.2019 12:40,BMBF,left
06b0a1b2a063465181e6dc7a0cb3d809,09.07.2019 12:44,BMBF,left
a628dc6a75b24b55ac861c379dcedcec,09.07.2019 12:52,BMBF,left
74b8588aa2554adbb6a3573accafd882,09.07.2019 18:01,BMBF,left
04306865f56a49e581ebce53746371f3,09.07.2019 18:05,BMBF,left
593815f101174f5caeb6efe2804b20b9,09.07.2019 18:08,BMBF,left
41eaf1ad50314f0bbe7b9b63e2e2ab17,09.08.2019 10:19,BMBF,left
0684f5b4fb224c9fa7cf7ebfde99b614,09.08.2019 10:30,BMBF,left
7b577a6bb7f94d88b80b1fb882771dfb,09.08.2019 10:53,BMBF,left
b389bb7b29ce4d03af12b6d19fb8c3f6,09.08.2019 10:59,BMBF,left
0f1dc276c4f94564bef0a1a3bf5436c6,09.08.2019 11:01,BMBF,left
644c23da338e4d0ba52a4c9ec81e3ebf,09.08.2019 11:38,BMBF,left
6496eb2cf1bc487d94e718257fabceed,09.08.2019 13:22,BMBF,left
901c15504f2c4c04a7ad28986ccef0d1,09.08.2019 15:00,BMBF,left
833c43c89d364149a23b5a56761cdc7f,09.09.2019 12:54,BMBF,left
25339dc0a1b440ea9f856b74b0c679d2,09.09.2019 13:01,BMBF,left
b668aefb6d2a4e5fa3fd92bed539552c,09.09.2019 15:02,BMBF,left
3f3336a45de24570885ae10235cca444,09.09.2019 15:06,BMBF,left
d01762f7245f4fee8c894c40c1fec261,09.09.2019 16:20,BMBF,left
ffb6fdd08caf49a28e77b147b41a3adf,09.10.2019 11:42,BMBF,left
69c7f529d0424f2aa799bb07cc9aaeb6,09.10.2019 12:47,BMBF,left
37664b423322432fbee3e1fcf0861694,09.10.2019 13:06,BMBF,left
412edf2e4c41431690287839cf0aeb07,09.10.2019 13:34,BMBF,left
4e6d7730188841e4a5afd4da45756ae8,09.10.2019 13:37,BMBF,left
e50960c3f00d40a7bd052933afd87305,09.10.2019 13:39,BMBF,left
ce92680de2db401aa1a906bba8125b38,09.10.2019 15:01,BMBF,left
96423efb3c884630b6f1eda824d007f6,09.10.2019 15:38,BMBF,left
e44f002d89e44c83a56cc424a2e98880,09.10.2019 15:42,BMBF,left
038248ad70524c8eb936f755803388b1,09.10.2019 15:53,BMBF,left
2e2b86989b5e4a11b671c5da8960f23f,09.10.2019 15:56,BMBF,left
c2384aa992f5482183bf3c7dc3d74fa4,09.10.2019 17:33,BMBF,left
1b98c8d5aae94a309c57f2f092a3d609,09.12.2019 10:43,BMBF,left
1890c7b8c5004f30bd551c8c83ff7392,10.07.2019 01:46,BMBF,left
a475566524c0451ca5c70ec736e5e26f,10.07.2019 10:43,BMBF,left
a75e9c444ab3457eb94ba7de93b77287,10.07.2019 10:45,BMBF,left
61b44a01b1ab49458fcc0e80cb804fe2,10.07.2019 15:44,BMBF,left
5547e4b5e246459986febf9e7319986e,10.07.2019 16:12,BMBF,left
d89a23bf8b6c49ebac96b0c2ae8c7aae,10.07.2019 16:14,BMBF,left
7c2c078a7516477c9ca19dab48d6010e,10.07.2019 16:51,BMBF,left
9a7b2059fc1b4d9caa0e7eeacfc207a9,10.07.2019 17:03,BMBF,left
4f978c0d8bf949d3ae858d03b215945d,10.07.2019 17:06,BMBF,left
2bdbe681a8c746d3ac7bb55f9dc62975,10.07.2019 19:07,BMBF,left
3a9d62cfbe22438f8b24ed4544391966,10.07.2019 19:09,BMBF,left
6a508b6edd854f1490785ce6ccb53f09,10.07.2019 19:12,BMBF,left
2c2e1c44146f4b06b956715d19fed47c,10.07.2019 19:29,BMBF,left
8c9d53d5b30248ff8d65b3d2f5525cb7,10.07.2019 19:33,BMBF,left
d57b61caca9544cc96637d4d75e2a493,10.07.2019 19:35,BMBF,left
95123164747449ca801f3ff5749ee9af,10.07.2019 19:56,BMBF,left
71e1af02f20843c9988199cadc4a9b94,10.07.2019 20:00,BMBF,left
b5ae99584bc34bc59daea4795510048f,10.09.2019 13:16,BMBF,left
acb7b2674b3449798b9ffed2653f32a7,10.09.2019 14:07,BMBF,left
122ec764543e4dd18b194902504c939e,10.09.2019 15:15,BMBF,left
69504c4f231a40baa0ecfb1b6330ae33,10.09.2019 16:06,BMBF,left
d138fcf68a3a4484b1433aa15a9a13e4,10.09.2019 16:14,BMBF,left
f1c064ef0a1344c8a3cbf3c67baa5c23,10.10.2019 10:12,BMBF,left
9565c7f747a54ca79c297363932e3736,10.10.2019 11:18,BMBF,left
32cba6d22b7343e48e2e4100c884fc26,10.10.2019 11:23,BMBF,left
ab8d877525ca40b1935488af312407c3,10.10.2019 11:58,BMBF,left
b6693586188549148a345a89fa990945,10.10.2019 12:03,BMBF,left
702532bc7c0e48e982401c5e39b30d16,10.10.2019 12:44,BMBF,left
dda3b959fc2d445e8cbb5054e252a66f,10.11.2019 10:17,BMBF,left
17b513e669d148cea62732bfed95d451,10.12.2019 10:56,BMBF,left
386c88a8bf334d9eb833d1708296b004,10.12.2019 11:21,BMBF,left
2d231b92b77a4e51a43a880080adcdbe,10.12.2019 12:23,BMBF,left
63500c32617b4e2490cdd27808e9311a,10.12.2019 12:26,BMBF,left
d5aaedc81f614b11a976890a03e4c1d9,10.12.2019 15:56,BMBF,left
3dbf3a8c51144657bf3e3d3b84b6cd5a,11.07.2019 15:54,BMBF,left
e67a41b0cf17455fb990b3b8bc2215ff,11.09.2019 10:07,BMBF,left
fa0f640431df47879f58152a97bca1c4,11.09.2019 11:52,BMBF,left
a8d68db7a49a477eb7cb98c343feac30,11.09.2019 11:57,BMBF,left
4880b36f4a584968ba97cafe95327681,11.09.2019 12:53,BMBF,left
97d66051f76b4a17b4cc15a4bef87e7c,11.09.2019 12:56,BMBF,left
9f8f84cb6fda47b194b758f26a14a4ef,11.09.2019 12:59,BMBF,left
c0daa9dfde714df690f7cc584b91af11,11.09.2019 13:02,BMBF,left
19c206ff16f64560ab66b9903b712c27,11.09.2019 13:04,BMBF,left
55863ecffa21427992c2d94827ea3979,11.09.2019 13:07,BMBF,left
52399eeca4c449039430bd0dd051f2ec,11.09.2019 14:34,BMBF,left
0ab72c8b6a55410191b9cb2126e182a6,11.09.2019 14:39,BMBF,left
2a5d46fdc2dd4ba4a864fc5629fd2894,11.10.2019 09:52,BMBF,left
3fd7629e0a884baab771907f3527d29f,11.10.2019 09:57,BMBF,left
563e1d9d170a45729b70659753b74c23,11.10.2019 11:27,BMBF,left
25397bd8eff54bb59bdaa6f79b25b686,11.10.2019 11:29,BMBF,left
b93c4818fcf548e99a10569d7eb8326d,11.10.2019 11:35,BMBF,left
ec5f4e55cadf413682169aa004de6962,11.10.2019 11:41,BMBF,left
dc66966139d3457597c36999aaf07bd6,11.10.2019 13:53,BMBF,left
74661557331542eca70d90fb27b8f05d,11.10.2019 17:07,BMBF,left
5e79a89271c748daa0dc20cd7a0e9913,11.11.2019 12:40,BMBF,left
aac10b51b0834b3e8f60e2c1c94ea2c9,11.11.2019 12:57,BMBF,left
a25188751e2c44c685aa74005dc12a7e,11.12.2019 11:27,BMBF,left
91321b95421a4b6587008d20c6817279,11.12.2019 12:25,BMBF,left
8179267cf79e401e82cfceb921d05969,11.12.2019 12:33,BMBF,left
fdb498cb898d413da79b97e1e73fd37c,11.12.2019 12:45,BMBF,left
f25129f74ae64b14ba3e8a4e215f6aaf,11.12.2019 13:11,BMBF,left
f4d98b981aad40f7b2e8bc19a37c75b4,11.12.2019 13:18,BMBF,left
de523735873c43e0bae2c81630880604,12.07.2019 09:50,BMBF,left
7b99236a72d440e79fff4a3dcf52c548,12.07.2019 10:29,BMBF,left
4d367ffed21b456ab768f49f443d5a15,12.07.2019 10:46,BMBF,left
68a7a19304914de8962c9c6ec2fa9cc4,12.07.2019 14:08,BMBF,left
927e6d0ae3274724932cb849bd951495,12.07.2019 14:30,BMBF,left
661353ee17e7465c9fb4052497bc181f,12.07.2019 14:43,BMBF,left
6257ae75027d47cebe39674219b9462d,12.08.2019 11:24,BMBF,left
056909de362f4ae9a377809cf15f2960,12.08.2019 11:52,BMBF,left
6482764330f1478db8fea058d3933813,12.08.2019 14:35,BMBF,left
0aed3a9c4a9b4507978790160d10b6fb,12.11.2019 09:51,BMBF,left
c3942b4f034148ea90dc17e89768c884,12.11.2019 10:58,BMBF,left
ef29506b5ed64f6e95d60b5b662ca387,12.11.2019 11:00,BMBF,left
6294c39d9aee461b8d4f532dee95fdfb,12.11.2019 11:02,BMBF,left
b048fcd4b5d8443ab0f37019ed5377d6,12.11.2019 11:05,BMBF,left
bb7ac73e9df849f3a9fb653e4664f79a,12.11.2019 11:08,BMBF,left
b0e55b75a08b480d993889ac97dc2dad,12.11.2019 11:10,BMBF,left
bd0d22490a66400195583348025731a0,12.11.2019 11:13,BMBF,left
d63900811cd040189cb34ea79523a007,12.11.2019 11:16,BMBF,left
fa31c726eba144a9a8a111a2a2e073b8,12.11.2019 11:18,BMBF,left
80c46477bb8e4c4daac42f30b157ca2a,12.11.2019 11:23,BMBF,left
360de9d612ac46d6b615a77c5c878ec9,12.11.2019 11:31,BMBF,left
bb6829ceffe248c099df27fca29a2a71,12.11.2019 11:37,BMBF,left
d02944897f57482a995aa65c494a1132,12.11.2019 11:40,BMBF,left
b01b0b4637594f67ba41016eb771c83a,12.11.2019 11:44,BMBF,left
6bbefbc285914821b827bbce423f95f8,12.11.2019 11:49,BMBF,left
ad66e142494d441ebf9f04a142f3f37c,12.11.2019 12:16,BMBF,left
041e575c0bbb4add82324935ebc25676,12.11.2019 13:50,BMBF,left
3c629546c8fa489ca34c2ef9717a4d69,12.11.2019 13:52,BMBF,left
19db99708e46473c81cff31f4e8c5bed,12.11.2019 13:54,BMBF,left
2e99f24c303d48ffad0fb35760b682ac,12.11.2019 13:56,BMBF,left
6e13444e0eb14c9e82507a99ef916d6f,12.11.2019 15:30,BMBF,left
fd6341754e8f45d1a4a8e2c12a884b5d,12.12.2019 09:56,BMBF,left
da800a589b6145ab824dd1cb376d9a90,12.12.2019 10:13,BMBF,left
51c47214493b4fe79caf63ec9836a6d4,12.12.2019 10:17,BMBF,left
960e36520e8b41be823b95c9c12b50c0,13.08.2019 13:12,BMBF,left
ae8621ba2cc04d10b601a611f6dfd7b9,13.08.2019 13:17,BMBF,left
dd8c37925b6e4a1bb8020521c007e50c,13.08.2019 15:43,BMBF,left
d2ccee3b1f0d46cf9f0a30cf89954904,13.09.2019 09:21,BMBF,left
ffab117097734cf7a06852f0beab0cc2,13.09.2019 09:24,BMBF,left
c50927ef746e42918a7e0208613f55f3,13.09.2019 09:58,BMBF,left
a69fdc72a3c24096bd8e8428129e1b11,13.09.2019 13:46,BMBF,left
e2c1692e13694f4fba27daefa7c1af4a,13.09.2019 14:29,BMBF,left
76973cb1226d433c92cee2b401d5644a,13.09.2019 14:38,BMBF,left
af9e0fa97dea4ef1b19bac3582887c59,13.09.2019 14:42,BMBF,left
a9c5af15426c4422a9cd1b255a4d148e,13.09.2019 16:50,BMBF,left
520dec4335374001a30ee27113927963,13.11.2019 08:41,BMBF,left
c3d8d4bb705c4a4399e3e31609f464ef,13.11.2019 10:05,BMBF,left
c8a68e3f99604c1e9047a21f52dd2289,13.11.2019 10:07,BMBF,left
12364b71617649ae9e7ec4076a9b1a7b,13.11.2019 10:10,BMBF,left
6919c7b5752440bb89347a13c93b577f,13.11.2019 10:16,BMBF,left
0d0c1130c8d54784a2e07b0a308b6f4a,13.11.2019 11:24,BMBF,left
fd76b48c4c1c4501b51ae9dc0fa93da1,13.11.2019 11:27,BMBF,left
6da4e8022b89428dbc3bc0d092769dd1,13.11.2019 11:30,BMBF,left
a4fc00e8d889435ca483ccc7ecab6f91,13.11.2019 11:32,BMBF,left
8230217a686f43c7a1d4bcf2b0406ea8,13.11.2019 11:39,BMBF,left
784f299bb7ae44fd9fcd57ec2574e53a,13.11.2019 14:16,BMBF,left
1835a32994c847db8d4d16c5dff0cd37,13.11.2019 14:38,BMBF,left
890a1801bde842c98219e4a0cae1a66e,14.07.2019 19:40,BMBF,left
388fb2f8af11429ca9bda3438a046685,14.10.2019 10:30,BMBF,left
3a2a83fa4bc3427c8a74ea949836aa9a,14.10.2019 10:33,BMBF,left
9600ebad5fb2415a9be11d7e4828e786,14.10.2019 10:40,BMBF,left
4d0bde9ded71494ab845200370fa2a1d,14.10.2019 13:28,BMBF,left
dc9fbaca3f40410eb7d051d25b568eac,14.10.2019 13:44,BMBF,left
9f6237059e494d14841e4cd376223584,14.10.2019 13:47,BMBF,left
a4d64f8dd1404d40a8ac5966f9865649,14.10.2019 13:56,BMBF,left
1ac4218d70e74ae6a69c10c0ffcc7dc0,14.10.2019 14:54,BMBF,left
fb15e1c02d0f44bd84ae9b80f1168a85,14.11.2019 09:08,BMBF,left
000506554eb6453f94b51947d824731c,14.11.2019 09:11,BMBF,left
3300dab5c9dd4f32b3fd1810dc572e18,14.11.2019 13:00,BMBF,left
b1852cec9d844eec8ff92db322547d2c,14.11.2019 14:35,BMBF,left
0f2595e6aac340c590a0777abefa3926,14.11.2019 16:08,BMBF,left
443966c595574bb5848ce9b4c925178d,14.11.2019 16:32,BMBF,left
ceb7019adf984c7181d142c64b076080,15.07.2019 13:30,BMBF,left
174153fa8af94559872724e330677d76,15.07.2019 14:34,BMBF,left
2c54ff851c9349d7b1b63ea88299b8c6,15.07.2019 14:37,BMBF,left
bbe12bb2adc94201b499acc0f35480ce,15.08.2019 08:41,BMBF,left
4d5d0e0ae5ac4f5492bbf91d3f76c790,15.08.2019 08:46,BMBF,left
1ced38f0b2ab4010a7e268a4d65f0c6e,15.08.2019 10:12,BMBF,left
b649b0513050416795e73d7de8336e2c,15.08.2019 10:15,BMBF,left
9a5f8ea59d67442ba26877b4196a2809,15.08.2019 10:17,BMBF,left
c8890585a32d4663811016e09dbb415d,15.08.2019 11:41,BMBF,left
18675983720f4d8d995bc28c8bce98c3,15.10.2019 08:01,BMBF,left
9f8f3db3a38b46b8931b4eed23c05616,15.10.2019 08:23,BMBF,left
f77a9100581247a0be252ff795487795,15.10.2019 08:28,BMBF,left
96f2d937fe4d4bd0a4845a81863905be,15.10.2019 08:35,BMBF,left
b7ae07672704456696916c25861acbfa,15.10.2019 11:04,BMBF,left
355ed067644447938b5a12fa3ed37ac6,15.10.2019 11:07,BMBF,left
c471a14d0247405ab855d13ea17e8f4b,15.10.2019 11:59,BMBF,left
1ac002f2a61b4d78a59bc42511dde4ca,15.10.2019 13:22,BMBF,left
685bca4fac8d4393abe4f1cd88153001,15.10.2019 13:38,BMBF,left
3b04b34da13a4fd3b74f59fa63e35e5b,15.10.2019 13:50,BMBF,left
f7a83627d1b740eb87e2577570adf010,15.10.2019 14:37,BMBF,left
8ff37e4be3dc4b85b67a6b8229c0290f,15.10.2019 15:26,BMBF,left
58f6922808dc4a8e8ceb25b8e0777814,15.10.2019 15:36,BMBF,left
ee3f7687db2748fb8feb30f59960ec93,15.10.2019 16:20,BMBF,left
03d01581dd104d258b1a818016e09382,15.10.2019 16:24,BMBF,left
bea5186cfea54af0b8bfac91459fbe4f,15.10.2019 16:26,BMBF,left
0e2ceafbd6344978b8140c9232357ad1,15.10.2019 16:29,BMBF,left
18add4188ecb44648c0a9ce47e0d3080,15.10.2019 16:31,BMBF,left
b5ed7430958a46c79e0e71b7b7027ca4,15.10.2019 16:34,BMBF,left
1b7aec5c5cf240e2b5bc23c05ee228a6,15.10.2019 16:37,BMBF,left
b198b44e47a24b5487a25975a1b8bbc0,15.10.2019 16:46,BMBF,left
d6a4dd7a539d43999094732fb75abd68,15.10.2019 16:49,BMBF,left
caab39e74001417dbbe466135a04e180,15.10.2019 17:06,BMBF,left
fee2ce62a8ef4d59b25f20c107974b53,15.10.2019 17:08,BMBF,left
31618e53e7f748908bcc04102fa3e8dc,15.10.2019 17:36,BMBF,left
9467293ac55f4ee9b9769bc9723dec30,15.11.2019 10:24,BMBF,left
3bdc66edfb0941ab873e494b0dfef413,15.11.2019 15:18,BMBF,left
14d8df525a544856822896a9d6247524,16.08.2019 10:55,BMBF,left
12af8b84c754473eaabea60b54923edc,16.08.2019 16:21,BMBF,left
085269d6efb4470496bcef61016d0137,16.08.2019 18:23,BMBF,left
841b2ebbb86e440ebd4a333b31d2da56,16.10.2019 09:41,BMBF,left
b5147833a2b042be8e6ccc5808a12fb3,16.10.2019 10:01,BMBF,left
7c993225101d4b8796ae8eb568d66f77,16.10.2019 11:24,BMBF,left
72fc9948431149949d661b5f9a6fa19d,16.10.2019 11:38,BMBF,left
bc0c2022c42544238e7d4c200822bbaf,16.10.2019 11:40,BMBF,left
9905f5199a85452d9a09086b88267a53,16.10.2019 11:42,BMBF,left
80e158e4720e42b0a7d62ce628406ff8,16.10.2019 11:44,BMBF,left
3844f87761674380a8b70cb4e75d15ea,16.10.2019 12:33,BMBF,left
d34b3606fdc54b0696a08aa73a4ddabf,16.10.2019 12:37,BMBF,left
744f91d3526a4cf9b928f907c0357f8c,16.10.2019 12:40,BMBF,left
281d70817b5e4e118e5066a3f6fd8985,16.10.2019 12:45,BMBF,left
fcc1ffdfa6bc4165b77625897c413d01,16.10.2019 12:48,BMBF,left
27e7087021a44422ab12e0f054b3bb2b,16.10.2019 15:04,BMBF,left
78e8b4101e574a019f465cb90246dd8b,16.10.2019 15:17,BMBF,left
61282e00bee6479484ad902a82dcccfe,16.12.2019 12:21,BMBF,left
751efc2ae3e044149d9da8744d1a748e,16.12.2019 13:30,BMBF,left
5cf58004065b46159213772b4d9d02d3,16.12.2019 13:46,BMBF,left
7d9b0490ad76410d8746832f02eced06,16.12.2019 13:50,BMBF,left
2c6ec3f4a7134eb8894227a37f5e2d79,16.12.2019 16:03,BMBF,left
460c045bdc774415b7cc69324aea28b0,16.12.2019 17:48,BMBF,left
f2980db0ea344f0a8924ca3b97142150,16.12.2019 18:22,BMBF,left
aa93378271a74f76a64b60d390051619,16.12.2019 18:29,BMBF,left
f06c7fb8efe54218b393ebce45b5e50a,16.12.2019 19:09,BMBF,left
9bf58f890fa24073acbabc0765ac75ff,16.12.2019 19:44,BMBF,left
0dd8c314b3574e5b9d84cc91df2a8c69,17.07.2019 10:37,BMBF,left
ebffe300d96b42aa8f866ccc50512d1f,17.07.2019 10:40,BMBF,left
b6f24b88446440dbbb54530229a6315a,17.07.2019 10:44,BMBF,left
565cb858a7e4406f8644905460e12711,17.07.2019 10:52,BMBF,left
b65691f661324b2cb58c57de713c1c9e,17.07.2019 16:26,BMBF,left
f0909f88c8d14b23b65df8b51e41e74e,17.07.2019 16:31,BMBF,left
d30e2fe0528948798f2c58b02f7f29ff,17.07.2019 16:35,BMBF,left
7e44d02aeb114bb5a49b55bccafbcbf2,17.08.2019 09:29,BMBF,left
c3d0c280c9b34aafb87481eed8d09e77,17.08.2019 09:49,BMBF,left
c1044d8b5423405e9e798ed30a082f40,17.08.2019 09:56,BMBF,left
38ef9245966343ce8b02f3e5bbc8fc89,17.08.2019 10:16,BMBF,left
13d8d8f0977d40a9abe3ac351fb6ba1f,17.08.2019 10:22,BMBF,left
67ad52245fa64d9592f59082e6de4981,17.08.2019 10:26,BMBF,left
f622ca46c3eb4b058e925416ed7c4b8c,17.08.2019 10:33,BMBF,left
33e47718b9424dc3b8c54158058b0f09,17.08.2019 10:37,BMBF,left
92ff77cf95344aed941ecc8ee9ee1c8f,17.08.2019 10:42,BMBF,left
edf49668f0ee4b16893cf50f242ee111,17.08.2019 10:47,BMBF,left
0d44a612b145420b88a2e560c3e7d2ca,17.08.2019 10:51,BMBF,left
543f467dd0dc4f698454cbb6bd17a1d1,17.08.2019 10:54,BMBF,left
4ae5687d7dd343cd9618d3216cb471ae,17.08.2019 10:59,BMBF,left
571cd2fdd3a04ff7abff89107139bd1c,17.08.2019 11:02,BMBF,left
0eb801e150094e1b825e8ebba3e67463,17.08.2019 11:04,BMBF,left
13cf60e3c0bb461bae73a47cb2bcaf2b,17.08.2019 11:09,BMBF,left
1d448fd5da494efdb800f503632b2f5e,17.08.2019 11:14,BMBF,left
b044fd2b51314c4181b7414398026497,17.08.2019 11:21,BMBF,left
cef4f564c1e34b8eaf1a75dca42011e5,17.08.2019 11:25,BMBF,left
5d07bc3849ff4905a4253b021c6298a2,17.08.2019 11:31,BMBF,left
1dee7d23806540c8a0f97a1aa7b0d3d3,17.08.2019 11:35,BMBF,left
994463593974441ea3c46f444d0011cf,17.08.2019 11:37,BMBF,left
7811cd9dbc0740848dce3ae3430e913d,17.08.2019 11:40,BMBF,left
d906a7afa3c34db0ba693844016d9382,17.08.2019 11:45,BMBF,left
0247a28d6ddb4208bdcca6c0adf25578,17.08.2019 11:50,BMBF,left
e65de41140fa45c09a260db16a3efd8d,17.08.2019 11:54,BMBF,left
3922e56865bc4cf0a0f8aa2ced40d86a,17.08.2019 12:06,BMBF,left
4cc5b946ede74c0a96350f8d86886f9c,17.08.2019 12:10,BMBF,left
e6001140870e4b70aec5181d2ae74b4e,17.08.2019 12:14,BMBF,left
b26cb4e27934477da819826cf63816a0,17.08.2019 12:18,BMBF,left
493bbc66f2f74ece8687c7c714dc3781,17.08.2019 12:22,BMBF,left
4652b4a182c94a8c859a6bc7865f60bb,17.08.2019 12:25,BMBF,left
1a6a7737c01b4263bec47ee8ce055077,17.08.2019 12:30,BMBF,left
e14bc5888df24f459bc3fc5e056a5e35,17.08.2019 12:34,BMBF,left
34ad336010874e339ed6cc700eca4fb1,17.08.2019 12:37,BMBF,left
be69dad810ac468e9ca840fb9bbc22c8,17.08.2019 12:40,BMBF,left
e96da62a52b44cd08c21ffc3cde9e9a5,17.08.2019 12:43,BMBF,left
51d7649c16c84485935293c2c99e6974,17.08.2019 12:46,BMBF,left
4182c960017e46eaa27dbafb155c9df0,17.08.2019 12:50,BMBF,left
3811920ce2e1405fb13e1765cb9f3dc8,17.08.2019 12:53,BMBF,left
d9751d40faea496bb49f85332371ebab,17.08.2019 12:57,BMBF,left
d61ea2f252564b2ebec0d3782ebdd994,17.08.2019 13:00,BMBF,left
fc252bbb278b4130859c16481c0e272e,17.08.2019 13:03,BMBF,left
8b13380451eb4caab5135282908eb53c,17.08.2019 13:07,BMBF,left
4d6950ce97234f37909958660c9afe1c,17.08.2019 13:11,BMBF,left
7430d783b1c343ed9eb39f0109cb5156,17.08.2019 13:16,BMBF,left
3a150c94eccd480dbb7c9da3539df901,17.08.2019 13:18,BMBF,left
aab4931876034b02a6af337e897bd7d2,17.08.2019 13:24,BMBF,left
465d1f11fb0d47e895f94e0aa78bc0a9,17.08.2019 13:28,BMBF,left
98b268982701458b8d30d563cc2494bc,17.08.2019 13:32,BMBF,left
b4d8d47ef8184f049a555096725bd42f,17.08.2019 13:37,BMBF,left
8b0adae7c255421aae75422ced6337d6,17.08.2019 13:40,BMBF,left
e28b6f56f9944189a9a6a0046a07d2d9,17.08.2019 13:44,BMBF,left
eac76a3357894015a3cb8ca5d16f1e9c,17.08.2019 13:49,BMBF,left
6f39051778004c579191ecb1899644b0,17.08.2019 13:52,BMBF,left
d80cf4e8a0df4871a868c525fa18fa3b,17.08.2019 13:56,BMBF,left
490cef787d504fd69ce835d6aedc7a8b,17.08.2019 14:01,BMBF,left
b9f3e74ccbe64dd19868b1cac5d25536,17.08.2019 14:04,BMBF,left
105d5928185749a38a2c863509e91099,17.08.2019 14:08,BMBF,left
6020d9dd23e14812b0608e49b2c2ee09,17.08.2019 14:11,BMBF,left
fbdfb0a609944c929d8fa61dec4fd115,17.08.2019 14:16,BMBF,left
023a7f7f06484bada49f4d56dad4e090,17.08.2019 14:20,BMBF,left
a508f5ddf7c6406abf64c0ebf3a13efc,17.08.2019 14:24,BMBF,left
5c868901c931462cb78c8c53592aaa80,17.08.2019 14:28,BMBF,left
7d1f9c3114794284b7f46998801d553d,17.08.2019 14:31,BMBF,left
c4df2dda390f4209913e4a6d8a7e7423,17.08.2019 14:35,BMBF,left
c07b6e6879674d9f8096d88e53c99bb1,17.08.2019 14:38,BMBF,left
97e92fc605a24d5d94529a322e61f937,17.08.2019 14:41,BMBF,left
c7f6750fcc504330956590f3d13cbd55,17.08.2019 14:45,BMBF,left
dd26aca3945e4230b78e4efd56215810,17.08.2019 14:48,BMBF,left
b94bedec43d54a88accffddeeea5cf00,17.08.2019 14:51,BMBF,left
8a945f4b577d42ca8547330be6918d21,17.08.2019 14:53,BMBF,left
606e02a869884dd083f33014ad80f944,17.08.2019 14:56,BMBF,left
6830c97db5454729b21d1cb507bb7ef6,17.08.2019 15:01,BMBF,left
9240f106f6e54f809eea71920c0d388c,17.08.2019 15:03,BMBF,left
5e303753b0474dd1b0a1683c0c3910c2,17.08.2019 15:05,BMBF,left
b83739603dd14bc48041357b86b5de0c,17.08.2019 15:08,BMBF,left
0b5e0968a91d46a78f6a550767564585,17.08.2019 15:11,BMBF,left
f7aa9f1bd79a4162885821cd392f0c8d,17.08.2019 15:16,BMBF,left
12b09b201b874cad955c37c9fda7782a,17.08.2019 15:19,BMBF,left
c6516552dc984e4b8755aed9ef470e85,17.08.2019 15:23,BMBF,left
f89ddaadfc014185975d2ce01abf8928,17.08.2019 15:27,BMBF,left
706165a90c994ca89e8574b4772f161c,17.08.2019 15:30,BMBF,left
51f7162f60434d4f94acc946d1c4f7bd,17.08.2019 15:35,BMBF,left
b16efed7484d433f9abf19c1d8b56dbe,17.08.2019 15:38,BMBF,left
4521de7cd32e434ebcf4d637d2e28816,17.08.2019 15:42,BMBF,left
3838bc9a50724331a634c836ab2c2061,17.08.2019 15:45,BMBF,left
6b7fde67ae8f42a8b96f191e73ec7652,17.08.2019 15:49,BMBF,left
4f342b8cd41540d0a3d82c6e62ee1801,17.08.2019 15:55,BMBF,left
8ad1335dfc4d435aac5efc5d76cb036f,17.08.2019 16:00,BMBF,left
21893e786926499ca8839a4717357058,17.08.2019 16:03,BMBF,left
aba6512fd68540afbca98bb3d351250c,17.08.2019 16:07,BMBF,left
ec4aa26b70534b9fb7d853b770909d13,17.08.2019 16:10,BMBF,left
d20279682c5c4daf8b67a760e908afa6,17.08.2019 16:13,BMBF,left
d2351371ceb3492e9d29138e0cbcb29a,17.08.2019 16:16,BMBF,left
1613baed641142188e1e26aeecf8590d,17.08.2019 16:21,BMBF,left
2890eb065faa48ec8019b8a1d3db0f62,17.08.2019 16:25,BMBF,left
7ff6a3bee2d24914977a5cb93bd56d3f,17.08.2019 16:28,BMBF,left
d13e6129cfa04e2f98b94f5893831df2,17.08.2019 16:31,BMBF,left
4efe8d874bc845c1a464d55db21edf07,17.08.2019 16:35,BMBF,left
51865bc0cca54034a8997c2b8991d33c,17.08.2019 16:38,BMBF,left
f3417cba40f8425cafdf4eec5e3a82c6,17.08.2019 16:43,BMBF,left
91e896b5d3ec4a80b9364155beb32c80,17.08.2019 16:48,BMBF,left
22e25303a6844813b8afd41b80570584,17.08.2019 16:57,BMBF,left
b1b9ecb181604e789a8affb753c10cde,17.08.2019 17:04,BMBF,left
84e5f06bfb6a46c5a68cc9dd559f45ea,17.08.2019 17:09,BMBF,left
42358fbaa36b4932bbcdf317b6b635e6,17.08.2019 17:13,BMBF,left
1bf953003c894c7fa25633aae45d0a66,17.08.2019 17:17,BMBF,left
801fd43bc65b4495b088f85283394e8f,17.08.2019 17:21,BMBF,left
3134b3fe2fe44873bedb63e107806177,17.08.2019 17:25,BMBF,left
f2e32f9ac94348bd8711c5dd79dbe31a,17.08.2019 17:30,BMBF,left
25a0f404e11c479794c33307fdb453ec,17.08.2019 17:34,BMBF,left
7a887a100fe24c17905530f19325b6ca,17.08.2019 17:37,BMBF,left
ad12bbf1951b47838db848a3a0e8e12c,17.08.2019 17:42,BMBF,left
1e8337410f68453a95aac3673399b3ab,17.08.2019 17:47,BMBF,left
4268fdf55251440880f8a5d2ec678e39,17.08.2019 17:52,BMBF,left
68121e3c78224edc801a57e423f76c41,17.08.2019 17:56,BMBF,left
c06af784b5b145c28d66e12834439930,17.08.2019 17:59,BMBF,left
ccfa61cd31cf415894921da445c3d8eb,17.08.2019 18:06,BMBF,left
7f3e98dcf8f6402389299d75c45b2136,17.08.2019 18:08,BMBF,left
aae75609ece6434d846401fa1fbde61a,17.08.2019 18:11,BMBF,left
e8c078de390f49b1a968d9421ca5be3e,17.08.2019 18:15,BMBF,left
926a85b765db477cb4080cad993cbfe9,17.08.2019 18:21,BMBF,left
b9bda61e42bc41d9b661e77e8391fae4,17.08.2019 18:24,BMBF,left
02efa5bc14784859a4186121f2ed2b5e,17.08.2019 18:26,BMBF,left
c80c5caaab1e435f8c441145a6e2625e,17.09.2019 09:42,BMBF,left
8180b800c6154b54bd768c1bba100679,17.09.2019 10:16,BMBF,left
a54fdf6e0cb94f259abfc5ea10281a0c,17.09.2019 10:19,BMBF,left
5696e67185174651ad620bd8c9d3272c,17.09.2019 10:21,BMBF,left
af6eb9fe68cb4cb6884c5cf55c491215,17.09.2019 10:28,BMBF,left
12e628f689394824adc6aa668fcbce32,17.09.2019 11:11,BMBF,left
13efc9ef9be6451fa9b12501fd20e5ab,17.09.2019 11:14,BMBF,left
7d2488bacaab4c899bc5e8ee76c804c0,17.09.2019 11:20,BMBF,left
c467255891284063ad7d26029e4bc75d,17.09.2019 11:23,BMBF,left
34bdafc7d7e54277b2bcec1c5cc524e1,17.09.2019 11:26,BMBF,left
788b579bdbaa47338700cbe08c4d799a,17.09.2019 11:30,BMBF,left
33aad4a18d094d1c832f5bb669e5fa74,17.09.2019 11:33,BMBF,left
81509585c0124b9daae33f48a98d230c,17.09.2019 11:35,BMBF,left
355eb400008143dfb6e55ac113f81e87,17.09.2019 12:19,BMBF,left
89e475f0a7ef44faa4fc314a263205d7,17.09.2019 12:29,BMBF,left
b118b258892e41a8b7429fe64624a412,17.09.2019 13:09,BMBF,left
f335b2cb917a455b9ee22ee898e5dfe1,17.09.2019 13:12,BMBF,left
7a8cda61edfd42c8b14f452f949b0943,17.09.2019 13:14,BMBF,left
00a4dbf7bd084243a5ffa0f52dadff1d,17.09.2019 13:18,BMBF,left
f3032d80c3b34879a30bb647d1120acd,17.09.2019 13:21,BMBF,left
d99f3770a9b34389a07f1edddd3f0fce,17.09.2019 13:24,BMBF,left
de5eebcbdd5b4b46bb5de10956740a72,17.09.2019 13:27,BMBF,left
b8df720d1d5a4cdcbb037d542991f000,17.09.2019 13:30,BMBF,left
ecfa5ed8ffe741a8b3214836d257ae4d,17.09.2019 13:33,BMBF,left
85d8182de6c1486d8855113f904ca1f2,17.09.2019 13:36,BMBF,left
556ea327ae6c46a5b8b8265ed1b7858a,17.09.2019 13:39,BMBF,left
38f85cf75dd44e669632e651606881cc,17.09.2019 13:41,BMBF,left
44154f5f8be940b0916f576667f36ea1,17.09.2019 13:44,BMBF,left
4aa308db7d1e4d809db9f8966f005b66,17.09.2019 14:55,BMBF,left
7c668695bbbd4d6d9d4df6ea6284227c,17.09.2019 14:58,BMBF,left
c7bf4f4fd4bb400b920032618222c7b5,17.09.2019 15:02,BMBF,left
7397c6fa42a34ea797b79e43c028c102,17.09.2019 15:05,BMBF,left
2310830483bc48b4a982f63fadf818c3,17.09.2019 15:08,BMBF,left
9d0878ba021a4110b48f936d1ccfc8a6,17.09.2019 15:26,BMBF,left
ea883eab61fc4cf2a72875becb35861f,17.09.2019 15:39,BMBF,left
22d53e48ee9d4a6caaeb6c75913ae61b,17.09.2019 16:04,BMBF,left
e831dd908af04973858732e41e345814,17.09.2019 16:07,BMBF,left
2db054b03b204da78d23399ceba288ac,17.09.2019 16:09,BMBF,left
c31cda0d92c34644a977eaa213058c70,17.10.2019 07:24,BMBF,left
bf81084133944da194063fadf33a5f35,17.10.2019 12:10,BMBF,left
ebb452d285ee43539700c3f9f8e2d726,17.10.2019 12:40,BMBF,left
6a79e396d0234c1d8173245d45ee6963,17.10.2019 13:39,BMBF,left
9c7e84a830314db585ae066a7fb5f0f2,17.10.2019 15:44,BMBF,left
f9ca9e163cfd49e7841f9039d6c33c61,17.10.2019 16:58,BMBF,left
eb1176b597694311a0e0a7d857e5697e,17.10.2019 17:02,BMBF,left
44c13201c0624bfd81d8963ea8e08bde,17.12.2019 10:07,BMBF,left
6d6c0afd3c21427a89b78a70ace1c901,17.12.2019 10:44,BMBF,left
b64b3a3f32374ece807f7d4bf9a56f33,17.12.2019 10:48,BMBF,left
36b59775d46f4449ab1fb6247b919e69,17.12.2019 12:21,BMBF,left
b4cc14fca8c24bcfb7dbf55417ba84be,17.12.2019 12:39,BMBF,left
82b5d9be7f564e6f92d37b228c00459d,18.07.2019 13:47,BMBF,left
af89d354ae2d4102992e108cdf9d16d2,18.07.2019 13:49,BMBF,left
33670a5815904e06b627d9925dcfcacd,18.08.2019 10:05,BMBF,left
f5a2a81e14a74bffaa5e1684f2b8d8b1,18.08.2019 10:09,BMBF,left
414931308c3d484a8766a252aa88e108,18.08.2019 10:12,BMBF,left
59afef9791b34a21b4a6f066dbd2007f,18.08.2019 10:17,BMBF,left
5f6e94b406674d73909933e86277bacd,18.08.2019 10:26,BMBF,left
25b0f7eb8262408aa54f14136c3e04b6,18.08.2019 10:30,BMBF,left
648abdd417fa489b9dc39be310ec5f98,18.08.2019 10:34,BMBF,left
bce40f54e2d84a45acfedc45c5b25411,18.08.2019 10:38,BMBF,left
d67ae7632f034816a444daf6e7bcdf8b,18.08.2019 10:42,BMBF,left
35c7c56acdd041eabecff37a0779a389,18.08.2019 10:46,BMBF,left
be76a02050374890a84e93951f9b4fd3,18.08.2019 10:53,BMBF,left
a8dc2118d1d945708601976f80c6184a,18.08.2019 10:58,BMBF,left
b8579b56f1624658a230c7391014096a,18.08.2019 11:01,BMBF,left
4ae2b85d13f245b195bc6257b516940c,18.08.2019 11:06,BMBF,left
aff383dfc915495e8157b658bc1808db,18.08.2019 11:10,BMBF,left
610ce1016df64e7f88f9f28798eef185,18.08.2019 11:18,BMBF,left
72218e730d8c477f8857229b6dbab070,18.08.2019 11:21,BMBF,left
bd129b5560e8460bad05371aa8a3ae15,18.08.2019 11:23,BMBF,left
69d1194cf8fe43688056ac7429850f06,18.08.2019 11:29,BMBF,left
9c8284cc90ca4c90b9467e06a6aa7595,18.08.2019 11:32,BMBF,left
48d1defe33734d9984ed41f5af9b628f,18.08.2019 11:38,BMBF,left
0d5fe3286dcf410082d14abe14577e43,18.08.2019 11:43,BMBF,left
259200d857f94e48915fdb55167295d9,18.08.2019 11:47,BMBF,left
00c831eddb5745e59cffba23918376c8,18.08.2019 11:50,BMBF,left
93b7fea0014e4d819298b8ecbe46bfe9,18.08.2019 11:54,BMBF,left
21306d56c7e0491183df449d597840e9,18.08.2019 11:57,BMBF,left
910d4724fb054ced805c1c32a67d554c,18.08.2019 12:01,BMBF,left
973d8769b3444fbab4ddc3ac5b5b9fca,18.08.2019 12:04,BMBF,left
aea290204ffe4566a083120b0cb492dd,18.08.2019 12:08,BMBF,left
5d75252adb874622b54d317acec1c36d,18.08.2019 12:11,BMBF,left
c48a379f096146829a8951d32239778f,18.08.2019 12:15,BMBF,left
cf198f906a2e48cdbce174e9376f7a3c,18.08.2019 12:18,BMBF,left
4fbd010f2cb245b9ae5cf1041e135e69,18.08.2019 12:22,BMBF,left
461369eb2db64607b9ea546fa896991b,18.08.2019 12:25,BMBF,left
dafbf64faa884f3e893a0e45e412d1bd,18.08.2019 12:29,BMBF,left
9898042a9d0645ba856c809589180e6f,18.08.2019 12:33,BMBF,left
91ebed10b0c44b269289f57e4291d52e,18.08.2019 12:36,BMBF,left
90a2bc9859bf4faea03f4fad5d68a606,18.08.2019 12:41,BMBF,left
d427140e0ee045f0a16a2491597fc39a,18.08.2019 12:45,BMBF,left
c369085b02c24beabe9fb10ddc53e3d9,18.08.2019 12:49,BMBF,left
c35c644fbef24bbba7cc3cf3ac32e534,18.08.2019 12:52,BMBF,left
a332d2764db0492b9a96445e4cd69b02,18.08.2019 12:56,BMBF,left
60c62a8067c24181936e27dff2454c88,18.08.2019 12:59,BMBF,left
9331d7fe617f46d28c169f22727311de,18.08.2019 13:03,BMBF,left
382d2dd426e34730ad96e972fc208bd3,18.08.2019 13:07,BMBF,left
fc2af9c67d0b40ef9949ecc5a5f41b04,18.08.2019 13:10,BMBF,left
f2711b9029144974a8cf0d36ad6633fc,18.08.2019 13:14,BMBF,left
e5617829bdb04ee69a202e24dafce160,18.08.2019 13:17,BMBF,left
c62406fe12de4331a20f108df811cfd2,18.08.2019 13:22,BMBF,left
9e1ece88256a4b28a40485c16e60e216,18.08.2019 13:24,BMBF,left
952d1acc15ff403c819fe700390979a4,18.08.2019 13:28,BMBF,left
349a26a3d39c41ff8427000f40ace663,18.08.2019 13:34,BMBF,left
3275d3f156be4e3b8b3f885d8f2f5d37,18.08.2019 13:39,BMBF,left
ec9c0f1c742543f18909df8c3c678071,18.08.2019 13:43,BMBF,left
c23f4629289e4c1bbe6b65d3c5d4b2f5,18.08.2019 13:47,BMBF,left
1dd009ebe61148bfa41e9f95a60fd5e2,18.08.2019 13:51,BMBF,left
8f6dcfe401664bcb92e8cf86976facdd,18.08.2019 13:54,BMBF,left
dfdec2ab5dbf4e4abbc5674bd96b4c94,18.08.2019 13:57,BMBF,left
8fc7c7b6747e44c2b8a3570c0b95a4f0,18.08.2019 14:01,BMBF,left
ba3f59f8d736474389a4b680eb6a64c2,18.08.2019 14:05,BMBF,left
fee546be8d1d42c8a1c83ef288ca42bf,18.08.2019 14:09,BMBF,left
7319c9a6a61944bcb6751fcff8f0b217,18.08.2019 14:13,BMBF,left
0eb34308a3214ba8b572aac52770e44c,18.08.2019 14:17,BMBF,left
5fe4cbe0d412466c9194b9851b825a21,18.08.2019 14:21,BMBF,left
880e7f372c994bfeb7c2ef4f0a1a3d48,18.08.2019 14:24,BMBF,left
78486f3b6d8a43eea6c4e85b065b7bd1,18.08.2019 14:28,BMBF,left
df7f92cb3f6a4997847f0d97b3a8943c,18.08.2019 14:31,BMBF,left
7838df1ed1324c07952d6c7c82d8e294,18.08.2019 14:34,BMBF,left
0cbaedfbe6bf447ca78d174a3ac0db65,18.08.2019 14:38,BMBF,left
ab4355afa5284a66863f84250c26caf4,18.08.2019 14:41,BMBF,left
4edf476622fb48f58cc3969b57d84aca,18.08.2019 14:44,BMBF,left
ce10b0d735c24b8c92db5b8608ff470f,18.08.2019 14:48,BMBF,left
e488eb272333439a8416713ae622131b,18.08.2019 14:54,BMBF,left
d168001364174913b38e6e00d14ffe34,18.08.2019 14:59,BMBF,left
5cf3b1b74a3d45a698bfde5c39b1667b,18.08.2019 15:03,BMBF,left
e650c90a6c0f47039b977fa9b8dbd745,18.08.2019 15:07,BMBF,left
795a014ad9974450be2ced9bb5f939d3,18.08.2019 15:11,BMBF,left
f42e3a75b0da4c6b9b1ce00baf158b70,18.08.2019 15:15,BMBF,left
f796941b7e314782adaaff1e676ab747,18.08.2019 15:19,BMBF,left
931ce6cbe6c642b0922d4eec7eca13e2,18.08.2019 15:22,BMBF,left
e7aa334bee7c465d9b26b4598f99cd7b,18.08.2019 15:27,BMBF,left
775978d21297414680807c492b78b491,18.08.2019 15:30,BMBF,left
f99d253d8b43476ea68d4c58851610a3,18.08.2019 15:34,BMBF,left
fde323d5ff8b471e89803df36d9652f4,18.08.2019 15:37,BMBF,left
ad0c2db3457647a19cfc08074f154d0a,18.08.2019 15:41,BMBF,left
a826f2af51a34a3598dbd208b8bb2f9d,18.08.2019 15:44,BMBF,left
be0662820c524201ba3a37e66fc2356d,18.08.2019 15:48,BMBF,left
a718368a84474f95ba46408e533bb382,18.08.2019 15:52,BMBF,left
96cca404a77e4b20b88ddb7ff67d12d6,18.08.2019 15:56,BMBF,left
fe92dd8799cd4fbfafe05acd32c9d715,18.08.2019 16:01,BMBF,left
ec56b45f9939498fa0f3cb53a856b1d4,18.08.2019 16:04,BMBF,left
f4c9ed59a93e49ed99f594ed2f206b4a,18.08.2019 16:09,BMBF,left
49183308abaf4db79357b38b66092e94,18.08.2019 16:14,BMBF,left
9f1a506a297f4623849a7a937e2b539d,18.08.2019 16:16,BMBF,left
40281504332f4255bca057dbf4f0278c,18.08.2019 16:19,BMBF,left
9181558ffe2c4985b8498db69335d176,18.08.2019 16:22,BMBF,left
0944975481f04e2098aa482531d8ad04,18.08.2019 16:25,BMBF,left
e713bc49599c4f50a8c4b0b50ae2060b,18.08.2019 16:29,BMBF,left
d871312c0a8f4754bce58b4e2ded293e,18.08.2019 16:31,BMBF,left
f5082f11a5ee42b0b8fff4e273768521,18.08.2019 16:33,BMBF,left
a1c60fd402e34b0dacadb27922c80c4b,18.08.2019 16:36,BMBF,left
70422d1c0ebb4476b924a24554359fe4,18.08.2019 16:40,BMBF,left
cf9f7594f5f143cc96debfcc600ddc0f,18.08.2019 16:43,BMBF,left
9f99a136b2584fb38ac9aec46e77c91f,18.08.2019 16:47,BMBF,left
95e5b1706e5a41f5b6e02cb2568ab9ec,18.08.2019 16:50,BMBF,left
a6bc1cca00f340d585bb7ed2bcc22b19,18.08.2019 16:54,BMBF,left
1acfc1971895497caca18af312a185be,18.08.2019 16:57,BMBF,left
5e9bd2efba704ec8b90c53128e45592d,18.08.2019 17:00,BMBF,left
9e6a2720b1134fc0b612f13313131302,18.08.2019 17:04,BMBF,left
94d0a1e09648422ea0f6f5228bdad284,18.08.2019 17:08,BMBF,left
ec0b21c07ac0446a9fe365946cd3b35d,18.08.2019 17:11,BMBF,left
c78f6e0cceb64bd9bb029f45c8c8d643,18.08.2019 17:16,BMBF,left
e2be487b3f044aa79e7ee381ad6e91a9,18.08.2019 17:23,BMBF,left
0d6cbad78f8e459585a5a9ad9d564e68,18.08.2019 17:27,BMBF,left
c1ffc8f69f064495890b0caf4ded1ed9,18.08.2019 17:30,BMBF,left
3eaa01221fbd4a5381b1bc3b712c828e,18.08.2019 17:34,BMBF,left
15370249b94c4c608af8e291bae3d858,18.08.2019 17:36,BMBF,left
2b018f3d86e0496993a8d2b442b076bc,18.08.2019 17:41,BMBF,left
35e49e9e8d6e449c85e8bf33a487866a,18.08.2019 17:44,BMBF,left
6485245cc53a47eb823533209e019208,18.08.2019 17:48,BMBF,left
50e5cc4ea2044428994c7d7edd110426,18.08.2019 17:51,BMBF,left
e610f7ea45704aeb8548b4febc7fbd28,18.08.2019 17:54,BMBF,left
98b95d75996b4c48ad93461fc3339a37,18.08.2019 17:59,BMBF,left
d035598b97d944d68ad9c9f5b91f99b3,18.08.2019 18:03,BMBF,left
a498ddae4fa2488d86feb8f316987947,18.08.2019 18:07,BMBF,left
bcba45d387804f0eba4f6536f2613baa,18.08.2019 18:10,BMBF,left
7f06e9b46cf14929817d75d835c42c6d,18.08.2019 18:12,BMBF,left
1f045db4ae244d3c9a79426857df5b9f,18.08.2019 18:16,BMBF,left
5425609bdd1b4fe6a32b2d241a605ccd,18.08.2019 18:17,BMBF,left
1e18391f6d9341e282d4d9439947c9ad,18.08.2019 18:20,BMBF,left
ff5a1e02d3974f4888eada70c5c1d32f,18.08.2019 18:24,BMBF,left
55025471f2e448b0a91e7cd2b515d259,18.08.2019 18:26,BMBF,left
4ea5967f3a044913a979a4e42683be0f,18.08.2019 18:28,BMBF,left
28396997c9a040d68a01f667a0369bce,18.08.2019 18:31,BMBF,left
4f4f520961a3431e9d2f535a6b72a7c9,18.08.2019 18:33,BMBF,left
5b2852e791f3446c87348dbe26002966,18.08.2019 18:35,BMBF,left
3d8e8ac39189428389e5e480293444db,18.08.2019 18:38,BMBF,left
2a56e03630714465ad813dc59ff72e9a,18.08.2019 18:42,BMBF,left
1e23c8d694a54055b5107d3930fe1c0e,18.08.2019 18:47,BMBF,left
17d8299dd6474e5b9775926438ee9b19,18.08.2019 19:14,BMBF,left
ca69ebe8a4a3408bbce276601b6f0f68,18.09.2019 13:06,BMBF,left
db80cacb2bb148edaba1fd28fc9026b0,18.09.2019 16:56,BMBF,left
51aafd70a5724659bb5fe02bbc80bc39,18.10.2019 07:53,BMBF,left
29810f5f6e24495cb62ef7fafde99bfe,18.10.2019 09:05,BMBF,left
9c8e974771d64f939d9be99d9f0ebba2,18.10.2019 09:08,BMBF,left
9d6873652d41452b8931e7adebb30836,18.10.2019 12:42,BMBF,left
83d6e6444aa24072ab91bb136012b0d9,18.10.2019 12:46,BMBF,left
9148ee38c97f4b31a32b73c5ea096271,18.10.2019 16:36,BMBF,left
567a741dde7345ce86503bc7f5af5d77,18.10.2019 16:43,BMBF,left
6d4f9d1afcda4f23b775890c5955712a,18.10.2019 16:50,BMBF,left
6f0bc84a8a664949a9aa43827268c087,18.10.2019 16:54,BMBF,left
e323a07a8904443d89fba463c1c53982,18.10.2019 16:59,BMBF,left
cc5421e0d09e4fcdbe3768e0a54f315f,18.10.2019 17:01,BMBF,left
22e40378095e4bfcbaed41aefee5b0b1,18.10.2019 17:09,BMBF,left
db0eee7bf4b2488f9bc726fdba4b4fe1,18.11.2019 13:11,BMBF,left
4c2828d73016488e8b569b0d16a99620,18.11.2019 13:14,BMBF,left
436efabd9511408cbc58e233f055db7f,18.11.2019 13:17,BMBF,left
aabf6fb148304fedaca23734e80ea870,18.11.2019 13:52,BMBF,left
1e7a472353f24e53a367f89129a39264,18.12.2019 10:51,BMBF,left
46fa9847490f4ea78027896265402960,18.12.2019 10:54,BMBF,left
9e53ed46108849c3b08415c51754352f,18.12.2019 10:57,BMBF,left
bdceb4640eaf4d2ba0d44921ae2f64b3,19.08.2019 16:28,BMBF,left
fd36ecad2c074fda979c1650efcf1cfa,19.09.2019 07:22,BMBF,left
1e5bbaffd52d48afbe091b7feb3a70ab,19.09.2019 09:46,BMBF,left
64271ff937684a8481a7b0e62415f6ea,19.09.2019 09:52,BMBF,left
0948a78440c149799aee01209da977c5,19.09.2019 11:03,BMBF,left
2368d257a58446fc98f241213a9c0c8b,19.09.2019 13:34,BMBF,left
2c417fe7cee24f68b250a60f40343457,19.09.2019 14:15,BMBF,left
12c529332b2e45e0bf7f4f9a0d57ad8f,19.09.2019 16:33,BMBF,left
b21a07f0bd2c4c4da24ca000ed588176,19.10.2019 13:20,BMBF,left
7b6fbbcaf052457dbc6b5ccb223c3759,19.10.2019 13:26,BMBF,left
8e135048b3864faba36592b34b9f3901,19.10.2019 13:33,BMBF,left
5e7ac4ff9ffc4f079e98505fdb57d848,19.10.2019 16:30,BMBF,left
6b3051dd9a8e41fa9f67425c4caa3be9,19.12.2019 14:25,BMBF,left
9ed0470879804b8991cb8c13c366c645,19.12.2019 14:36,BMBF,left
461424aa8d0749c9a60583b9645904ab,19.12.2019 14:41,BMBF,left
21b0941e426847eb9d844a89c6cb89b3,19.12.2019 15:39,BMBF,left
72f1a1b987954ccd89172e9efdbe2a24,19.12.2019 16:14,BMBF,left
fc9b81137d654db6bde3a2b6a70327ed,19.12.2019 16:18,BMBF,left
8014961a4d9444d3b8484ad57c484c4f,20.08.2019 12:40,BMBF,left
471a653b632f412bad50abc2fc5b32c8,20.08.2019 15:50,BMBF,left
3833689cbc28450b8538d61e1071a111,20.08.2019 15:56,BMBF,left
658b95f38ea345ee9620d04f6c57cdcd,20.08.2019 15:59,BMBF,left
d901804d2c3648ddacfeeeb3c2c430d1,20.08.2019 16:03,BMBF,left
3ae18e1705fc484f8753cee419c739cb,20.08.2019 16:08,BMBF,left
98f9f60e6b124a328c73fdd69e34fce5,20.08.2019 16:15,BMBF,left
51efae4c6ba04b4f98a6d6ded20e45fb,20.09.2019 09:26,BMBF,left
4ba22d5c6b4841d6b9aa5ff127e4ca15,20.09.2019 09:56,BMBF,left
69daa6b1432e4be584ea66b2cf841dfe,20.09.2019 11:00,BMBF,left
74625c63229c4d31942b5d73d1bb6bd1,20.09.2019 11:04,BMBF,left
2b5ae3c540724054bf4b4facf614ce51,20.10.2019 13:53,BMBF,left
c8e3da30839048cca44ece8832fc6972,20.12.2019 09:42,BMBF,left
f0817bfb5a374d4ea0923465d6387ce1,20.12.2019 09:44,BMBF,left
d8dcf45f43c548f2a7d7ca744875f93a,20.12.2019 10:44,BMBF,left
d3a97fe03c6e4335a22e0c293d504aac,20.12.2019 10:52,BMBF,left
45ee79b6ec8540d890ef8ac5e7ac23b3,20.12.2019 10:55,BMBF,left
552fa6939ca44970841fc5f30467be16,20.12.2019 10:57,BMBF,left
f26a845bad07412ca67b4cc72017e3c8,20.12.2019 11:00,BMBF,left
c28bfd19eb9543db8af285d779ba7260,20.12.2019 11:03,BMBF,left
1a0e8a86056046f3a83af2c98de9c474,20.12.2019 11:07,BMBF,left
f10dcee36b1340e39f652e0975af3188,20.12.2019 12:32,BMBF,left
0828d014cb1e4c4f933609e99311669d,20.12.2019 12:38,BMBF,left
df067d49de1645c9886c0f544b9f9724,20.12.2019 12:41,BMBF,left
c61a6379e5c24c0daefee115a68e9234,20.12.2019 14:11,BMBF,left
377e8ab4ffd24b1687d1bb2d7be01f8d,21.08.2019 09:30,BMBF,left
39f2c6f0684c45339cbd22738d7b81f3,21.08.2019 09:37,BMBF,left
3de08b9947024e85954139bdc05f3618,21.08.2019 10:32,BMBF,left
13739e0c68054e4dbee75302e4ddfb6a,21.08.2019 10:57,BMBF,left
ed6e9e08f95c4b7db52bb249500bc8cc,21.08.2019 13:21,BMBF,left
36c6d94fe3774bb99bef7cba73cdbf0e,21.08.2019 13:35,BMBF,left
cf931f9f5e6d429fbbbc843b50513444,21.08.2019 13:48,BMBF,left
4c40676fdaf744a08edc201cb6340ae7,21.09.2019 11:07,BMBF,left
35abc392f7dc4620941ab1064d08e83d,22.07.2019 11:39,BMBF,left
5924e28fd71348dfbcd4e321e356c83f,22.10.2019 10:38,BMBF,left
1f7fc58fbfee480faf7c312cebf306a1,22.10.2019 10:49,BMBF,left
974dbe5527714f27bcb13e8b4f4614ee,22.10.2019 11:02,BMBF,left
79260e2fed10408f94e29af3a471afe0,22.10.2019 12:01,BMBF,left
cc1604c1d0e0426b90746776eb6137cc,22.10.2019 12:08,BMBF,left
5a96e9d489b24505b90a5b225f7ddee5,22.10.2019 12:13,BMBF,left
c9be7c06445f4c13b36d1394afaa2515,22.10.2019 12:44,BMBF,left
ff1e785b7fc4496899a34ba62f40183b,22.10.2019 12:56,BMBF,left
00c2fa73c24e49c78a50206b5485f9da,22.10.2019 13:00,BMBF,left
9474608745d5498faf97b3c9b1e0fa24,22.11.2019 10:18,BMBF,left
a7e8210b80314b5c8d46806cfca34afa,22.11.2019 11:18,BMBF,left
f91b972fad4a4eb7ab0254ae7578ae9d,22.11.2019 11:34,BMBF,left
c8a2fb0315694d07b38630fb21d79211,22.11.2019 15:06,BMBF,left
8cc4b9a6e587454689e63283b2875a8d,23.08.2019 08:02,BMBF,left
daf051154ff3495e85fae87613e67e0b,23.08.2019 12:49,BMBF,left
eadcb5eadeef46689d852bc2327c5706,23.09.2019 11:05,BMBF,left
2065be8ac47247318e6cc0a52aa6380f,23.09.2019 11:29,BMBF,left
1983c8e4653947e1ad44d8d57b17e6bf,23.10.2019 08:47,BMBF,left
375051f34f0c459daa26a9b60a161aa0,23.10.2019 08:50,BMBF,left
87bd7469710f44f7a724b2f1ff34c0d8,23.10.2019 08:53,BMBF,left
8500e562d82e4b39a7f18991de13fc73,23.10.2019 10:35,BMBF,left
d5286659f5914c4b90f4d9e18139f09b,23.10.2019 12:51,BMBF,left
884c3d29a3304281b68a3f6f968893e9,23.10.2019 12:55,BMBF,left
e7dfe12b4bcc4ac1982c313d7c623a75,23.10.2019 14:00,BMBF,left
b5cee8d1c8e345fd914aa606b1e1d9da,23.10.2019 15:55,BMBF,left
27030c0133774c36a48d8033e9efdb59,23.10.2019 16:26,BMBF,left
ac6d1a515d124daaac07870ee3d7b02a,23.10.2019 16:32,BMBF,left
5cbb35d1a9da45f5a16b9745f4406354,24.07.2019 11:07,BMBF,left
85c2b83f34364a9986bc08088d251fc0,24.09.2019 10:32,BMBF,left
f5b4c18fb5144567baeba9caff9b491a,24.09.2019 10:36,BMBF,left
0a7fc46687c64c958f0b47724e891756,24.09.2019 10:39,BMBF,left
eed4fdce43ca4d0b84727aabe4ab29a4,24.09.2019 10:43,BMBF,left
58330b14e1ea49bb8486c3dbf54ec655,24.09.2019 10:47,BMBF,left
49e00ce1e55b41ce9d67d819e1b50809,24.09.2019 11:17,BMBF,left
8cb997cd9df8406b8a5e50c9719d9796,24.09.2019 11:53,BMBF,left
96ba604cb779487d9c1129e29900a4d8,24.09.2019 12:17,BMBF,left
c027578feef541fbb6ff778dde8c6381,24.09.2019 12:24,BMBF,left
bce6eafec99747f28cd8602840b3574b,24.09.2019 12:29,BMBF,left
a75459367f6a4d2ba0065baa509b24cc,24.09.2019 12:35,BMBF,left
ba4d96efc1cc41899f91519f79a966fb,24.09.2019 13:09,BMBF,left
34a57279cc654cd8b0c85d63c60612c8,24.09.2019 13:12,BMBF,left
94b216e9cb32460d9858f58f7b6469e3,24.09.2019 13:24,BMBF,left
e629a6a9128d4155bbaf2fb1d1734c0f,24.09.2019 13:34,BMBF,left
8dd86a9b5b91467a89ab873565f374ca,24.09.2019 14:08,BMBF,left
985d900d82424f2db4b37a226e897305,24.09.2019 14:20,BMBF,left
084dd5dd4a2b4d4b8ded20c781cdcdc7,24.09.2019 14:29,BMBF,left
1e6b2c497ad3470e8e627ba9a04ef513,24.09.2019 14:33,BMBF,left
b8bfa94447034382a5896ced17da1106,24.09.2019 14:38,BMBF,left
5842e7aa160344f2a5c8e8d52d1753b5,24.09.2019 14:42,BMBF,left
7f1bb97ea5424cc3b1b0739e6cb902bc,24.09.2019 14:46,BMBF,left
3149b05dbfb3458fa3a5a91434c508e1,24.09.2019 15:05,BMBF,left
d3dbbc3ab0644838a04dd6db860b2a5d,24.09.2019 15:11,BMBF,left
4c64aa4d933a4f158a0dcb4e1758618e,24.09.2019 15:21,BMBF,left
a5c47867772e4cb88c38ecd3e643c128,24.09.2019 15:24,BMBF,left
e9d1c5dd2d48483ea092ee8b9943831f,24.09.2019 16:08,BMBF,left
6774128fd55d4096b9fab18a8a892d40,24.09.2019 16:27,BMBF,left
b91a82b666c342ed841a4fcb87431a6a,24.10.2019 09:13,BMBF,left
8858e6638fd943d2a3dd504318b792a3,24.10.2019 09:32,BMBF,left
11340e2f44164764a108805bc1ddde8b,24.10.2019 10:23,BMBF,left
00cfadc9b7a94920be600479d5af9cb3,24.10.2019 10:25,BMBF,left
d57e467dc3b7412bb1d25f94c5187fb2,24.10.2019 12:17,BMBF,left
67603022501a45d4a54c6d49233a3fd0,24.10.2019 15:15,BMBF,left
0190b50b84ae4487be786e2d3e2a9a8c,24.10.2019 15:20,BMBF,left
bf7a697ea077461a8434c18fc119dc02,24.10.2019 17:34,BMBF,left
7806b304d0eb40958008ec2731e35643,24.10.2019 21:15,BMBF,left
8d624ec61242488c89ff1d71020ae74d,25.07.2019 11:04,BMBF,left
2e0ef40be91a422a87e510c0c7fa50ef,25.07.2019 11:07,BMBF,left
0576aadac5a3415c8df54157570d4fdf,25.07.2019 11:12,BMBF,left
1637e0a5483b4cc3ae4a108a10a83eb1,25.07.2019 11:17,BMBF,left
693eedd44c944d2e96e32054c2e3b76c,25.07.2019 11:20,BMBF,left
59946d8345444fba9d7dca4b845079a9,25.07.2019 11:33,BMBF,left
518aafac65a54a9da26953b5200db604,25.07.2019 11:35,BMBF,left
82e6e13763be4a91a8a19eaf69f78d7d,25.07.2019 11:37,BMBF,left
224dc900332a444f8bbd1235f3533fda,25.07.2019 13:23,BMBF,left
c963bfcaa7eb447f8c491a0fee546495,25.07.2019 13:26,BMBF,left
4a889157a9b24cdf922193e41b45c0b7,25.07.2019 13:29,BMBF,left
b9a77f6f31a449708f49b64f58fb5e24,25.07.2019 13:32,BMBF,left
6a5f06b285bc4de99b18004a64df6a2f,25.09.2019 14:25,BMBF,left
377b8e8235ec41858c78bdb9b971f85e,25.09.2019 14:30,BMBF,left
493add13797a45eaaf049ebe441970aa,25.09.2019 16:15,BMBF,left
37e68fa1cfe247c495e0bd2025c18e3a,25.09.2019 16:23,BMBF,left
c6887a2b078b42e99001781e9e00599e,25.09.2019 16:30,BMBF,left
d713162d04954ba184665771fe02abe1,25.09.2019 16:53,BMBF,left
c78e4cbd54f04ecc9fd702270c220b31,25.09.2019 16:55,BMBF,left
3f7a44a1399642b497c20867b74e1ffa,25.09.2019 16:59,BMBF,left
3f1788ce14514be49cf0b5191d32c5b1,25.10.2019 09:17,BMBF,left
618bcd7846df45cc9fde879858e35e43,25.10.2019 09:27,BMBF,left
8c90aad6e4bb47849310fd3043c1a056,25.10.2019 10:25,BMBF,left
e2dfaa1f50504e02bba0519c6eb2561a,25.10.2019 16:14,BMBF,left
5dc8bbb9226144f88e62d8db5ad148ac,25.10.2019 16:42,BMBF,left
7395daa0cf6d4ec1a05b58f814b53c6b,26.07.2019 09:48,BMBF,left
d697329dc1a14f2aa18ed5966815cf4d,26.07.2019 13:02,BMBF,left
45ac4491359b43b6800c6e49f30f0967,26.07.2019 16:13,BMBF,left
aeac6d1ad7014ef3962a3c321cfe8e56,26.07.2019 16:19,BMBF,left
93ad4f6287aa42a38076acba037f5f59,26.08.2019 13:13,BMBF,left
29888cb57a0a4aa0a67c38add39ae351,26.08.2019 13:17,BMBF,left
1c83ca6acef440c09b8bbc10ae06b3c4,26.09.2019 08:57,BMBF,left
742b93367a08483d826a4052d819cc98,26.09.2019 09:45,BMBF,left
f947e9d21a1a46769e4b6df38c8557ca,26.09.2019 09:49,BMBF,left
98b9c9af32e348cf98341fe677b71608,26.09.2019 10:50,BMBF,left
9e668c61980e46f6a75435e4c5ea73da,26.09.2019 10:52,BMBF,left
e3762d45e6234d7b96c6353c3e96c8d2,26.09.2019 11:13,BMBF,left
cc201ab325814e53a6a2c527f1718ab3,26.09.2019 11:16,BMBF,left
9f30e18880434f638ba5f8a898fe4b9e,26.09.2019 11:19,BMBF,left
965d69038c674c04af39498f97f2b9df,26.09.2019 11:26,BMBF,left
e5569c652d2a48a997b5e4f5c4e3640e,26.09.2019 11:29,BMBF,left
ad197b462cc843ae8ac27ac915f47ae6,26.09.2019 11:34,BMBF,left
d26c29b88bc541d5826f63393add0c5a,26.09.2019 11:36,BMBF,left
fdf8c9380821481899fb4fc3b4d71e8e,26.09.2019 11:40,BMBF,left
d0b576876f5e47c5bc4a11583089eee5,26.09.2019 11:44,BMBF,left
3591a6f4a23b470aba6f7b7b0d8ebc02,26.09.2019 11:47,BMBF,left
5d2c1d5709bd43288522d5ee0054ed01,26.09.2019 11:51,BMBF,left
516ed4a8bf9f49d2a6cbe1ffd88d4ad3,26.09.2019 11:56,BMBF,left
dd6f75aae5284c6d8cf968bebd0f12fc,26.09.2019 12:27,BMBF,left
4f922c3d32a54bab99499cffaa859cbb,26.09.2019 12:31,BMBF,left
ac0e2364420b434b9f428c92797fce58,26.09.2019 12:41,BMBF,left
fe0a485cc0d840649408150570e78de4,26.09.2019 16:41,BMBF,left
cbb4b017d4704b5e9bf5f5f1de95a726,26.10.2019 12:22,BMBF,left
6f1b0b36a9e2402e8ee0f752207c0882,26.10.2019 12:24,BMBF,left
56d2558c5b9248b38e72eff257326c7c,27.08.2019 12:08,BMBF,left
369b3beca95a4dff917eae99808ffb01,27.08.2019 12:10,BMBF,left
2370a3046ab648599df694afbc6a63bb,27.08.2019 13:29,BMBF,left
1a467b9d3d734213a27faedfe4bebfdd,27.08.2019 14:48,BMBF,left
33bcbeca7fbd4220bedef1105bcc4e2e,27.09.2019 10:44,BMBF,left
68693d4dbfce47c592664b65cc3d5ccb,27.09.2019 10:48,BMBF,left
00ae28e39b984092bcef71154f6733a6,27.09.2019 13:06,BMBF,left
7ec90fefcc4a47fdad13a450efc0d6b9,27.09.2019 16:35,BMBF,left
96f3b0e5946040baba6fd823b101e0d6,27.10.2019 11:58,BMBF,left
5655252a14b84706be2d9e6f39a66aba,27.10.2019 12:00,BMBF,left
60369e0ed7844d1391dde28267821bf2,27.10.2019 12:35,BMBF,left
4364b265b15640a4941c3dcc6d49c104,27.10.2019 12:39,BMBF,left
eed866fbd169417ead22b34b258224b2,27.10.2019 13:12,BMBF,left
4f412bfbabc64d8fb7ed4e9ab82be443,27.10.2019 13:37,BMBF,left
4c68be5252d04b178a897c489a93d198,27.10.2019 14:08,BMBF,left
75dc3b04ac884723bd2e6436a4bfa696,27.12.2019 12:36,BMBF,left
c007ac26420146ee9e765d78d1ce44c7,28.08.2019 10:53,BMBF,left
ac3eddf102434ee181191e6a4d0a3524,28.08.2019 10:55,BMBF,left
aba0143f06cc46a0990904250fdd9c1d,28.08.2019 10:58,BMBF,left
823fde11297c438cb7577587be879cf2,28.08.2019 11:01,BMBF,left
df7c1a0f941e4ea3932ff65a28deb1ce,28.08.2019 11:04,BMBF,left
e1dc89f6feb142faac594c2ea97e7170,28.08.2019 11:07,BMBF,left
5dfbf33d72a6432b9df64167ce2c927a,28.10.2019 10:40,BMBF,left
7cc6512e3a5a4ca6a7a83ac38c8bae33,28.10.2019 11:28,BMBF,left
5a7adf9f2dd240af91076ed1ee05a417,28.10.2019 12:18,BMBF,left
2843c3ef36cb45e1aaf9e4e3cd2ac965,28.10.2019 12:22,BMBF,left
e8b66dbbc27a440c8ac14af621b241da,28.10.2019 13:51,BMBF,left
360cac98b01a44fea93621b3d19e336b,28.11.2019 16:47,BMBF,left
3c47416d832d45b3acbf1368f44ed143,29.07.2019 14:23,BMBF,left
6c7e8dd9799d4e3f8dba1a534606cefd,29.08.2019 11:31,BMBF,left
d0f21dd3e32642b09d3a8a95606aca56,29.08.2019 14:40,BMBF,left
196af8eb05e34ea4bd083cb10981c5f0,29.08.2019 15:55,BMBF,left
101077bfa2f84908b4d792361c591a77,29.10.2019 07:51,BMBF,left
95fd8a3fad3048d6a2fbbb424cbc17bb,29.10.2019 10:25,BMBF,left
8dd1625d1d6546a99ea4ee0ada009767,29.10.2019 10:29,BMBF,left
26b7993048a4478fbce17d6b27736dc9,29.10.2019 10:31,BMBF,left
e586d67a3a3c478f8d1232cb84af2ec3,29.10.2019 10:34,BMBF,left
d4ae82f7ba17412ca34768b449dc9391,29.10.2019 10:37,BMBF,left
6e81f55454a64b2483a93b76dc653457,29.10.2019 10:41,BMBF,left
3d1b40b8659548beae34f1ebc3596754,29.10.2019 10:45,BMBF,left
8b18b2095a06411eaa325b561359763c,29.10.2019 10:48,BMBF,left
79d802c9c0c84c68970bac47859223a1,29.10.2019 10:52,BMBF,left
88c234a04c6643f5ba980fa6f27b73be,29.10.2019 10:58,BMBF,left
caedac6f9d6342839a609cef9fdc02bf,29.10.2019 11:49,BMBF,left
539fbf3d5aee439f96a44a28a1ed74e1,29.10.2019 12:00,BMBF,left
51c9ba77802c4f4fb7935e2ddaa47073,29.10.2019 12:31,BMBF,left
451d277454954cea88776bcfb6b2b25c,29.10.2019 12:34,BMBF,left
d8179fca94484c0b9822196d2c4551a4,29.10.2019 12:44,BMBF,left
f2eaf2ec383c481da3b83e37284833d5,29.10.2019 13:45,BMBF,left
ea95b50a50dd4202994e026b51dfa5a2,29.10.2019 13:47,BMBF,left
af63af7531ea4fa4ac344287801e9f5c,29.10.2019 13:50,BMBF,left
d0553fa272014123a923bfe06ced5a1c,29.10.2019 14:53,BMBF,left
8df1da570b4e4b49aff63627268d52b6,29.10.2019 15:34,BMBF,left
8f25938659d04713b5627e08f911c24a,29.10.2019 16:14,BMBF,left
db3397dd2d1147ffa520c846a9e70fc0,29.10.2019 16:18,BMBF,left
fc5e3a1db7e740d392706baac71060b4,29.10.2019 16:54,BMBF,left
7de86d376786498ca3905e7e1ccd39c8,29.11.2019 10:28,BMBF,left
b5465d265397487d8c3ab54ae775aad3,30.07.2019 09:43,BMBF,left
6d9ebde146d64be3903d7db5bb5d10ee,30.07.2019 09:48,BMBF,left
28d3b94502084734b27bd9295bc6b728,30.07.2019 10:43,BMBF,left
6129869e6fe245fbb123aadbc937de9d,30.07.2019 10:47,BMBF,left
a517fcbf315646e69d0cd414ef33c5e0,30.07.2019 10:50,BMBF,left
c2e614a3ee2f45578d05aabd919e1697,30.07.2019 11:24,BMBF,left
f5d5962ac21b4ae6a1d7549e82b13fe5,30.07.2019 11:28,BMBF,left
fa5df1820e544bdcbb0f4d336d82c8df,30.07.2019 11:31,BMBF,left
b10c1e3738dc41b6ab636174c55cd42f,30.07.2019 11:34,BMBF,left
6b7666f921bf44a590ca172a6a084b42,30.07.2019 14:04,BMBF,left
cd1b17255d35483bb1b44f49cff59c08,30.07.2019 14:06,BMBF,left
131b2dd7d8fa45eab3f2e09cb3509413,30.07.2019 14:12,BMBF,left
bf48fd2e825c43afa1833c7657a92b1c,30.07.2019 15:00,BMBF,left
198725c6f5de41fdb6b8bfb5d0305147,30.07.2019 15:16,BMBF,left
07932ba915a44b25a072f8a8d785cfd3,30.07.2019 15:18,BMBF,left
3ad5f1ad3b914711b573cd40417d5935,30.08.2019 09:09,BMBF,left
5f0cda8223f74319834d06be73221c11,30.08.2019 09:44,BMBF,left
888e823aee4248d79412f058b062ee6a,30.08.2019 10:06,BMBF,left
ee427b0b3cc2485d8fdc30219361c715,30.08.2019 13:37,BMBF,left
3f9740345ef94afea1e1f9f9f04e839c,30.08.2019 13:45,BMBF,left
0da1774d36aa4c68b96d8e60b17b5033,30.09.2019 09:43,BMBF,left
8f6c026e6c2145ef99568f427870c289,30.09.2019 10:15,BMBF,left
a7c42f2f489f403cbe042f4d9818526d,30.09.2019 12:15,BMBF,left
f657be09f02d44138a5a101549a574ed,30.09.2019 14:01,BMBF,left
e4ae6e8eee0146ef9afaab4343e2f255,30.10.2019 14:01,BMBF,left
830cd680af8a4f05805eaaee088f5901,30.10.2019 14:03,BMBF,left
dba04b626e4c4c6e89aea4fb1f9cc32b,30.12.2019 13:48,BMBF,left
634184583d91476b90df700bebae5ac2,31.07.2019 00:06,BMBF,left
9f22bdde33684e75a6244c63af291f62,31.07.2019 09:21,BMBF,left
439198506ccb46d4905ed81942ee336a,31.07.2019 09:32,BMBF,left
d7b3e9f1682a400695bf5d000604e461,31.07.2019 13:12,BMBF,left
42204fb522684f66b248a5f69cb4429c,31.07.2019 13:14,BMBF,left
ecac6547244840a884b17247a0a5f9ec,31.07.2019 13:27,BMBF,left
5349d1d731dd45a38cad2f8760799cc5,31.07.2019 14:18,BMBF,left
e133f4f119bd438e9119ee3f44a10ee4,31.07.2019 14:22,BMBF,left
d1c14c8fa7b44d1c9647635a5f7a8b8a,31.08.2019 14:22,BMBF,left
8ce2ded9f25e452199d757194af5f672,31.08.2019 15:51,BMBF,left
305aef4355de4c71b4a1a0ff2d7f6d49,31.08.2019 16:02,BMBF,left
91554fe0e04c46c8a24f9e3ea5499b40,31.10.2019 14:43,BMBF,left
e94c3d7a012548498361417eb347e84e,31.10.2019 14:46,BMBF,left
f5373021de014e9eb5e8d1d451ffa6dd,31.10.2019 16:25,BMBF,left
6a86150f0826424c9d22eedffeca2e27,31.10.2019 18:36,BMBF,left
aa3e2f14e2f94012aceed69128b40d21,31.10.2019 18:42,BMBF,left
